Year,Week,Resort,VisitorDays,Bureau of Meteorology station number,Maximum temperature (Degree C),Minimum temperature (Degree C),Rainfall amount (millimetres),Highest Lifted Point,Lowest Lifted Point,Skiable Area,Snow Making Area,Lifts
2014,1,Mt. Baw Baw,555,85291,4.96,1.1,0.63,1562m,1407m,30ha,10ha,7
2014,2,Mt. Baw Baw,804,85291,5.49,0.81,0.2,1562m,1407m,30ha,10ha,7
2014,3,Mt. Baw Baw,993,85291,1.04,-1.81,2.21,1562m,1407m,30ha,10ha,7
2014,4,Mt. Baw Baw,2976,85291,2.53,-0.96,1.11,1562m,1407m,30ha,10ha,7
2014,5,Mt. Baw Baw,11112,85291,0.69,-2.26,3.4,1562m,1407m,30ha,10ha,7
2014,6,Mt. Baw Baw,13381,85291,1.01,-2.43,1.43,1562m,1407m,30ha,10ha,7
2014,7,Mt. Baw Baw,8832,85291,3.79,0.01,1.2,1562m,1407m,30ha,10ha,7
2014,8,Mt. Baw Baw,9347,85291,1.7,-2.17,4.26,1562m,1407m,30ha,10ha,7
2014,9,Mt. Baw Baw,10071,85291,2.11,-2.01,1.66,1562m,1407m,30ha,10ha,7
2014,10,Mt. Baw Baw,11071,85291,3.54,-2.11,1.31,1562m,1407m,30ha,10ha,7
2014,11,Mt. Baw Baw,10079,85291,5.29,-0.06,3.14,1562m,1407m,30ha,10ha,7
2014,12,Mt. Baw Baw,7635,85291,8.26,1.83,0.97,1562m,1407m,30ha,10ha,7
2014,13,Mt. Baw Baw,4681,85291,5.81,-0.31,1.49,1562m,1407m,30ha,10ha,7
2014,14,Mt. Baw Baw,1904,85291,5.67,1.01,1.8,1562m,1407m,30ha,10ha,7
2014,15,Mt. Baw Baw,0,85291,4.73,-0.64,1.14,1562m,1407m,30ha,10ha,7
2015,1,Mt. Baw Baw,3185,85291,6.27,0,2.91,1562m,1407m,30ha,10ha,7
2015,2,Mt. Baw Baw,2058,85291,2.89,-0.96,1.43,1562m,1407m,30ha,10ha,7
2015,3,Mt. Baw Baw,1745,85291,6.24,-0.07,0.11,1562m,1407m,30ha,10ha,7
2015,4,Mt. Baw Baw,2751,85291,1.03,-2.01,3.03,1562m,1407m,30ha,10ha,7
2015,5,Mt. Baw Baw,6748,85291,1.59,-1.51,2.46,1562m,1407m,30ha,10ha,7
2015,6,Mt. Baw Baw,8269,85291,0.29,-3.67,1.94,1562m,1407m,30ha,10ha,7
2015,7,Mt. Baw Baw,8219,85291,0.97,-1.71,3.43,1562m,1407m,30ha,10ha,7
2015,8,Mt. Baw Baw,8600,85291,-0.03,-3.44,4.14,1562m,1407m,30ha,10ha,7
2015,9,Mt. Baw Baw,8932,85291,0.87,-3.19,3.54,1562m,1407m,30ha,10ha,7
2015,10,Mt. Baw Baw,10429,85291,1.31,-1.87,2.86,1562m,1407m,30ha,10ha,7
2015,11,Mt. Baw Baw,10927,85291,4.16,-0.64,0.34,1562m,1407m,30ha,10ha,7
2015,12,Mt. Baw Baw,9027,85291,1.37,-2.7,4.63,1562m,1407m,30ha,10ha,7
2015,13,Mt. Baw Baw,6236,85291,3.7,-1.56,1.17,1562m,1407m,30ha,10ha,7
2015,14,Mt. Baw Baw,4387,85291,7.07,-1.04,3.66,1562m,1407m,30ha,10ha,7
2015,15,Mt. Baw Baw,2247,85291,5.2,0.16,1.31,1562m,1407m,30ha,10ha,7
2016,1,Mt. Baw Baw,1154,85291,5.27,-0.33,4,1562m,1407m,30ha,10ha,7
2016,2,Mt. Baw Baw,1298,85291,4.47,2,0.74,1562m,1407m,30ha,10ha,7
2016,3,Mt. Baw Baw,2306,85291,-0.27,-3.13,1.91,1562m,1407m,30ha,10ha,7
2016,4,Mt. Baw Baw,8796,85291,1.56,-1.24,2.49,1562m,1407m,30ha,10ha,7
2016,5,Mt. Baw Baw,7976,85291,1.89,-0.57,3.37,1562m,1407m,30ha,10ha,7
2016,6,Mt. Baw Baw,6614,85291,4.9,-0.49,1.54,1562m,1407m,30ha,10ha,7
2016,7,Mt. Baw Baw,5267,85291,1.43,-2.41,1.89,1562m,1407m,30ha,10ha,7
2016,8,Mt. Baw Baw,6394,85291,1.83,-1.21,2.06,1562m,1407m,30ha,10ha,7
2016,9,Mt. Baw Baw,6676,85291,1.97,-1.99,1.31,1562m,1407m,30ha,10ha,7
2016,10,Mt. Baw Baw,5593,85291,4,-0.69,1.26,1562m,1407m,30ha,10ha,7
2016,11,Mt. Baw Baw,3979,85291,2.83,-1.13,2.17,1562m,1407m,30ha,10ha,7
2016,12,Mt. Baw Baw,3909,85291,3.2,-0.91,1.29,1562m,1407m,30ha,10ha,7
2016,13,Mt. Baw Baw,1373,85291,7.74,1.37,2.83,1562m,1407m,30ha,10ha,7
2016,14,Mt. Baw Baw,0,85291,5.59,2.11,2.11,1562m,1407m,30ha,10ha,7
2016,15,Mt. Baw Baw,0,85291,4.56,-0.81,1.86,1562m,1407m,30ha,10ha,7
2017,1,Mt. Baw Baw,3569,85291,6.81,0.39,0.77,1562m,1407m,30ha,10ha,7
2017,2,Mt. Baw Baw,798,85291,5.83,0.24,0.6,1562m,1407m,30ha,10ha,7
2017,3,Mt. Baw Baw,846,85291,0.14,-2.47,2.03,1562m,1407m,30ha,10ha,7
2017,4,Mt. Baw Baw,3486,85291,1.8,-2.57,3.86,1562m,1407m,30ha,10ha,7
2017,5,Mt. Baw Baw,5981,85291,0.81,-2.66,1.09,1562m,1407m,30ha,10ha,7
2017,6,Mt. Baw Baw,9132,85291,1.03,-2.17,2,1562m,1407m,30ha,10ha,7
2017,7,Mt. Baw Baw,7286,85291,2.19,-2.26,4.77,1562m,1407m,30ha,10ha,7
2017,8,Mt. Baw Baw,5799,85291,3.7,-1.61,2.54,1562m,1407m,30ha,10ha,7
2017,9,Mt. Baw Baw,5331,85291,1.87,-1.53,3.97,1562m,1407m,30ha,10ha,7
2017,10,Mt. Baw Baw,6311,85291,3.46,-0.06,2.4,1562m,1407m,30ha,10ha,7
2017,11,Mt. Baw Baw,5884,85291,0.17,-3.54,4.26,1562m,1407m,30ha,10ha,7
2017,12,Mt. Baw Baw,4921,85291,0.36,-4.26,4.34,1562m,1407m,30ha,10ha,7
2017,13,Mt. Baw Baw,4086,85291,2.44,-1.84,3.29,1562m,1407m,30ha,10ha,7
2017,14,Mt. Baw Baw,5565,85291,3.1,-1.24,0.77,1562m,1407m,30ha,10ha,7
2017,15,Mt. Baw Baw,3409,85291,4.83,-2.99,3.26,1562m,1407m,30ha,10ha,7
2018,1,Mt. Baw Baw,2753,85291,2.61,-0.19,3.26,1562m,1407m,30ha,10ha,7
2018,2,Mt. Baw Baw,2102,85291,1.85,-2.14,2.83,1562m,1407m,30ha,10ha,7
2018,3,Mt. Baw Baw,5768,85291,2.86,-1.07,0.54,1562m,1407m,30ha,10ha,7
2018,4,Mt. Baw Baw,7058,85291,3.63,-0.16,2.03,1562m,1407m,30ha,10ha,7
2018,5,Mt. Baw Baw,11141,85291,1.03,-2.47,2.63,1562m,1407m,30ha,10ha,7
2018,6,Mt. Baw Baw,18031,85291,2.15,-2.7,1.63,1562m,1407m,30ha,10ha,7
2018,7,Mt. Baw Baw,8803,85291,1.29,-2.54,2.73,1562m,1407m,30ha,10ha,7
2018,8,Mt. Baw Baw,7966,85291,2.87,-1.41,3.54,1562m,1407m,30ha,10ha,7
2018,9,Mt. Baw Baw,8950,85291,1.81,-2.59,3.49,1562m,1407m,30ha,10ha,7
2018,10,Mt. Baw Baw,7621,85291,1.64,-2.18,3.04,1562m,1407m,30ha,10ha,7
2018,11,Mt. Baw Baw,6837,85291,0.39,-3.46,4.39,1562m,1407m,30ha,10ha,7
2018,12,Mt. Baw Baw,10011,85291,3.01,-2.87,1.91,1562m,1407m,30ha,10ha,7
2018,13,Mt. Baw Baw,6751,85291,3.1,-1.29,2.6,1562m,1407m,30ha,10ha,7
2018,14,Mt. Baw Baw,5793,85291,7.89,0.19,0.37,1562m,1407m,30ha,10ha,7
2018,15,Mt. Baw Baw,4064,85291,3.43,-2.06,2.69,1562m,1407m,30ha,10ha,7
2019,1,Mt. Baw Baw,6393,85291,6.57,1.35,2.39,1562m,1407m,30ha,10ha,7
2019,2,Mt. Baw Baw,4311,85291,1.34,-1.91,4.17,1562m,1407m,30ha,10ha,7
2019,3,Mt. Baw Baw,5341,85291,6.04,0.51,0.03,1562m,1407m,30ha,10ha,7
2019,4,Mt. Baw Baw,6645,85291,3.79,-0.81,2.06,1562m,1407m,30ha,10ha,7
2019,5,Mt. Baw Baw,10595,85291,1.98,-1.09,3.29,1562m,1407m,30ha,10ha,7
2019,6,Mt. Baw Baw,9056,85291,1.94,-2.16,3.49,1562m,1407m,30ha,10ha,7
2019,7,Mt. Baw Baw,9515,85291,3.17,-1.14,2.07,1562m,1407m,30ha,10ha,7
2019,8,Mt. Baw Baw,10134,85291,3.69,-1.73,1.69,1562m,1407m,30ha,10ha,7
2019,9,Mt. Baw Baw,10039,85291,0.73,-2.61,1.17,1562m,1407m,30ha,10ha,7
2019,10,Mt. Baw Baw,4004,85291,1.77,-2.64,3.23,1562m,1407m,30ha,10ha,7
2019,11,Mt. Baw Baw,12128,85291,3.79,-2.61,5.51,1562m,1407m,30ha,10ha,7
2019,12,Mt. Baw Baw,10255,85291,3.4,-2.64,0.91,1562m,1407m,30ha,10ha,7
2019,13,Mt. Baw Baw,8502,85291,5.6,0.5,1.31,1562m,1407m,30ha,10ha,7
2019,14,Mt. Baw Baw,6878,85291,5.47,-1.76,0.46,1562m,1407m,30ha,10ha,7
2019,15,Mt. Baw Baw,6089,85291,7.31,-1.96,1.51,1562m,1407m,30ha,10ha,7
2020,1,Mt. Baw Baw,1074,85291,5.36,0.14,0.43,1562m,1407m,30ha,10ha,7
2020,2,Mt. Baw Baw,544,85291,3.61,0.21,2.89,1562m,1407m,30ha,10ha,7
2020,3,Mt. Baw Baw,603,85291,3.27,-1.43,1.34,1562m,1407m,30ha,10ha,7
2020,4,Mt. Baw Baw,2168,85291,2.42,-1.37,3.17,1562m,1407m,30ha,10ha,7
2020,5,Mt. Baw Baw,4055,85291,3.93,-0.07,1.34,1562m,1407m,30ha,10ha,7
2020,6,Mt. Baw Baw,2945,85291,3.69,-0.88,0.77,1562m,1407m,30ha,10ha,7
2020,7,Mt. Baw Baw,1149,85291,3.51,-1.03,3.4,1562m,1407m,30ha,10ha,7
2020,8,Mt. Baw Baw,941,85291,6.08,-0.29,1.31,1562m,1407m,30ha,10ha,7
2020,9,Mt. Baw Baw,834,85291,1.37,-3.8,4.34,1562m,1407m,30ha,10ha,7
2020,10,Mt. Baw Baw,0,85291,4.71,0.53,1.4,1562m,1407m,30ha,10ha,7
2020,11,Mt. Baw Baw,0,85291,-0.37,-2.84,6.94,1562m,1407m,30ha,10ha,7
2020,12,Mt. Baw Baw,0,85291,3.49,-1.57,2.14,1562m,1407m,30ha,10ha,7
2020,13,Mt. Baw Baw,0,85291,9.24,0.03,0.86,1562m,1407m,30ha,10ha,7
2020,14,Mt. Baw Baw,0,85291,8.04,0.96,0.76,1562m,1407m,30ha,10ha,7
2020,15,Mt. Baw Baw,0,85291,8.83,1.64,0.16,1562m,1407m,30ha,10ha,7
2021,1,Mt. Baw Baw,334,85291,4.56,-0.6,1.77,1562m,1407m,30ha,10ha,7
2021,2,Mt. Baw Baw,941,85291,2.86,-0.47,0.89,1562m,1407m,30ha,10ha,7
2021,3,Mt. Baw Baw,2614,85291,4.26,-0.04,4.11,1562m,1407m,30ha,10ha,7
2021,4,Mt. Baw Baw,8833,85291,1.66,-1.43,3.09,1562m,1407m,30ha,10ha,7
2021,5,Mt. Baw Baw,11910,85291,3.41,-1.3,0.2,1562m,1407m,30ha,10ha,7
2021,6,Mt. Baw Baw,2430,85291,1.01,-1.64,3.66,1562m,1407m,30ha,10ha,7
2021,7,Mt. Baw Baw,3,85291,0.86,-3.19,2.57,1562m,1407m,30ha,10ha,7
2021,8,Mt. Baw Baw,3274,85291,1.96,-1.79,1.97,1562m,1407m,30ha,10ha,7
2021,9,Mt. Baw Baw,1757,85291,2.63,-1.07,2.57,1562m,1407m,30ha,10ha,7
2021,10,Mt. Baw Baw,2392,85291,3.37,-0.73,2.03,1562m,1407m,30ha,10ha,7
2021,11,Mt. Baw Baw,1948,85291,4.63,0.07,0.91,1562m,1407m,30ha,10ha,7
2021,12,Mt. Baw Baw,0,85291,2.69,-1.63,1.63,1562m,1407m,30ha,10ha,7
2021,13,Mt. Baw Baw,0,85291,7.03,-0.51,0.26,1562m,1407m,30ha,10ha,7
2021,14,Mt. Baw Baw,176,85291,6.43,-1.33,1.89,1562m,1407m,30ha,10ha,7
2021,15,Mt. Baw Baw,475,85291,4.11,-1.69,0.97,1562m,1407m,30ha,10ha,7
2022,1,Mt. Baw Baw,8513,85291,1.14,-1.71,0.29,1562m,1407m,30ha,10ha,7
2022,2,Mt. Baw Baw,6516,85291,3.37,0.3,1.91,1562m,1407m,30ha,10ha,7
2022,3,Mt. Baw Baw,5609,85291,2.7,-1.06,1.77,1562m,1407m,30ha,10ha,7
2022,4,Mt. Baw Baw,10614,85291,4.66,-1.63,0,1562m,1407m,30ha,10ha,7
2022,5,Mt. Baw Baw,11092,85291,0.57,-1.34,2.63,1562m,1407m,30ha,10ha,7
2022,6,Mt. Baw Baw,9082,85291,0.76,-3.57,6.14,1562m,1407m,30ha,10ha,7
2022,7,Mt. Baw Baw,8570,85291,4.96,-0.2,1.77,1562m,1407m,30ha,10ha,7
2022,8,Mt. Baw Baw,7825,85291,2.14,-2.56,2.51,1562m,1407m,30ha,10ha,7
2022,9,Mt. Baw Baw,7810,85291,2.41,-1.07,4.23,1562m,1407m,30ha,10ha,7
2022,10,Mt. Baw Baw,6587,85291,3.4,-0.74,0.91,1562m,1407m,30ha,10ha,7
2022,11,Mt. Baw Baw,7939,85291,1.63,-2.61,1.31,1562m,1407m,30ha,10ha,7
2022,12,Mt. Baw Baw,6782,85291,6.64,0.19,3.43,1562m,1407m,30ha,10ha,7
2022,13,Mt. Baw Baw,4750,85291,4.53,-2.23,1.43,1562m,1407m,30ha,10ha,7
2022,14,Mt. Baw Baw,3009,85291,2.56,-0.76,1.74,1562m,1407m,30ha,10ha,7
2022,15,Mt. Baw Baw,2262,85291,5.47,0,1.86,1562m,1407m,30ha,10ha,7
2023,1,Mt. Baw Baw,1218,85291,2.47,-1.13,2.2,1562m,1407m,30ha,10ha,7
2023,2,Mt. Baw Baw,2458,85291,1.16,-2.29,3.97,1562m,1407m,30ha,10ha,7
2023,3,Mt. Baw Baw,7129,85291,0.63,-1.64,3.06,1562m,1407m,30ha,10ha,7
2023,4,Mt. Baw Baw,17116,85291,3.73,-0.16,3.8,1562m,1407m,30ha,10ha,7
2023,5,Mt. Baw Baw,14690,85291,3.1,-0.63,3.2,1562m,1407m,30ha,10ha,7
2023,6,Mt. Baw Baw,9419,85291,4.56,-0.77,1.71,1562m,1407m,30ha,10ha,7
2023,7,Mt. Baw Baw,10343,85291,5.01,-0.13,2.8,1562m,1407m,30ha,10ha,7
2023,8,Mt. Baw Baw,10041,85291,5.8,1.06,1.43,1562m,1407m,30ha,10ha,7
2023,9,Mt. Baw Baw,7015,85291,5.26,0.14,1.69,1562m,1407m,30ha,10ha,7
2023,10,Mt. Baw Baw,7481,85291,1.91,-1.93,2.83,1562m,1407m,30ha,10ha,7
2023,11,Mt. Baw Baw,4999,85291,5.44,-0.57,0.94,1562m,1407m,30ha,10ha,7
2023,12,Mt. Baw Baw,3680,85291,7.04,2.09,0.94,1562m,1407m,30ha,10ha,7
2023,13,Mt. Baw Baw,1265,85291,8.66,-0.21,0.37,1562m,1407m,30ha,10ha,7
2023,14,Mt. Baw Baw,0,85291,2.74,-0.96,1.94,1562m,1407m,30ha,10ha,7
2023,15,Mt. Baw Baw,0,85291,5.36,0.84,0.17,1562m,1407m,30ha,10ha,7
2024,1,Mt. Baw Baw,1558,85291,1.81,-1.5,2.23,1562m,1407m,30ha,10ha,7
2024,2,Mt. Baw Baw,1546,85291,1.77,-2.76,2.46,1562m,1407m,30ha,10ha,7
2024,3,Mt. Baw Baw,1695,85291,3.06,-1,1.43,1562m,1407m,30ha,10ha,7
2024,4,Mt. Baw Baw,4457,85291,3.16,-2,1.83,1562m,1407m,30ha,10ha,7
2024,5,Mt. Baw Baw,11079,85291,4.06,0.76,2,1562m,1407m,30ha,10ha,7
2024,6,Mt. Baw Baw,9830,85291,0.44,-2.69,3.03,1562m,1407m,30ha,10ha,7
2024,7,Mt. Baw Baw,9456,85291,3.31,-0.51,1.51,1562m,1407m,30ha,10ha,7
2024,8,Mt. Baw Baw,8513,85291,4.26,-2.06,1.4,1562m,1407m,30ha,10ha,7
2024,9,Mt. Baw Baw,9635,85291,3.94,-0.56,0.14,1562m,1407m,30ha,10ha,7
2024,10,Mt. Baw Baw,8121,85291,8.89,3.19,0.63,1562m,1407m,30ha,10ha,7
2024,11,Mt. Baw Baw,5977,85291,6.16,1.49,3.74,1562m,1407m,30ha,10ha,7
2024,12,Mt. Baw Baw,3597,85291,5.43,0.93,3.37,1562m,1407m,30ha,10ha,7
2024,13,Mt. Baw Baw,1500,85291,7.14,-0.1,4.34,1562m,1407m,30ha,10ha,7
2024,14,Mt. Baw Baw,0,85291,5.63,0.09,0.37,1562m,1407m,30ha,10ha,7
2024,15,Mt. Baw Baw,0,85291,2.09,-2.03,3.66,1562m,1407m,30ha,10ha,7
2014,1,Mt. Hotham,3483,83085,3.46,-1.14,2.34,1945m,1450m,320ha,25ha,13
2014,2,Mt. Hotham,1253,83085,3,-1.26,1.86,1945m,1450m,320ha,25ha,13
2014,3,Mt. Hotham,2992,83085,-0.9,-3.29,0.74,1945m,1450m,320ha,25ha,13
2014,4,Mt. Hotham,9680,83085,-0.99,-3.47,0.09,1945m,1450m,320ha,25ha,13
2014,5,Mt. Hotham,29628,83085,-1.84,-4,0.46,1945m,1450m,320ha,25ha,13
2014,6,Mt. Hotham,36665,83085,-1.96,-4.44,0.09,1945m,1450m,320ha,25ha,13
2014,7,Mt. Hotham,26465,83085,0.13,-3.24,1.63,1945m,1450m,320ha,25ha,13
2014,8,Mt. Hotham,21679,83085,-0.94,-3.96,1.14,1945m,1450m,320ha,25ha,13
2014,9,Mt. Hotham,31019,83085,0.7,-3.76,0.43,1945m,1450m,320ha,25ha,13
2014,10,Mt. Hotham,30360,83085,1.66,-5.49,0.69,1945m,1450m,320ha,25ha,13
2014,11,Mt. Hotham,35923,83085,2.7,-1.27,0.66,1945m,1450m,320ha,25ha,13
2014,12,Mt. Hotham,32657,83085,5.49,-0.46,1.34,1945m,1450m,320ha,25ha,13
2014,13,Mt. Hotham,28855,83085,1.46,-3.47,0.89,1945m,1450m,320ha,25ha,13
2014,14,Mt. Hotham,18708,83085,4.19,-0.96,3.11,1945m,1450m,320ha,25ha,13
2014,15,Mt. Hotham,11117,83085,3.54,-2.74,1.86,1945m,1450m,320ha,25ha,13
2015,1,Mt. Hotham,4997,83085,6.72,0.09,0.11,1945m,1450m,320ha,25ha,13
2015,2,Mt. Hotham,1797,83085,6.06,1.52,3.26,1945m,1450m,320ha,25ha,13
2015,3,Mt. Hotham,3605,83085,3.57,0.05,2.31,1945m,1450m,320ha,25ha,13
2015,4,Mt. Hotham,13197,83085,1.08,-1.43,0.77,1945m,1450m,320ha,25ha,13
2015,5,Mt. Hotham,22318,83085,-0.56,-3.45,0,1945m,1450m,320ha,25ha,13
2015,6,Mt. Hotham,27894,83085,-2.73,-5.87,0,1945m,1450m,320ha,25ha,13
2015,7,Mt. Hotham,22620,83085,-0.73,-3.26,1.83,1945m,1450m,320ha,25ha,13
2015,8,Mt. Hotham,17562,83085,-1.3,-4.16,0,1945m,1450m,320ha,25ha,13
2015,9,Mt. Hotham,27850,83085,-2.1,-5.74,0.11,1945m,1450m,320ha,25ha,13
2015,10,Mt. Hotham,31159,83085,-1.09,-2.99,1.23,1945m,1450m,320ha,25ha,13
2015,11,Mt. Hotham,35122,83085,1.39,-3.86,3.2,1945m,1450m,320ha,25ha,13
2015,12,Mt. Hotham,30754,83085,1.63,-3.69,2.77,1945m,1450m,320ha,25ha,13
2015,13,Mt. Hotham,25367,83085,4.32,-1.91,0.66,1945m,1450m,320ha,25ha,13
2015,14,Mt. Hotham,30754,83085,3.22,-1.23,1.4,1945m,1450m,320ha,25ha,13
2015,15,Mt. Hotham,12005,83085,2,-0.64,1.66,1945m,1450m,320ha,25ha,13
2016,1,Mt. Hotham,4590,83085,4.21,-1.27,0.31,1945m,1450m,320ha,25ha,13
2016,2,Mt. Hotham,1860,83085,2.17,-0.43,2.91,1945m,1450m,320ha,25ha,13
2016,3,Mt. Hotham,8368,83085,-2.13,-5.69,0.14,1945m,1450m,320ha,25ha,13
2016,4,Mt. Hotham,17433,83085,-0.67,-3.03,0.03,1945m,1450m,320ha,25ha,13
2016,5,Mt. Hotham,21302,83085,-0.27,-2.16,0.63,1945m,1450m,320ha,25ha,13
2016,6,Mt. Hotham,25173,83085,2.3,-2.6,1.83,1945m,1450m,320ha,25ha,13
2016,7,Mt. Hotham,20774,83085,-0.21,-3.51,0.17,1945m,1450m,320ha,25ha,13
2016,8,Mt. Hotham,19557,83085,-0.3,-1.62,0.49,1945m,1450m,320ha,25ha,13
2016,9,Mt. Hotham,27232,83085,1.08,-0.39,0.09,1945m,1450m,320ha,25ha,13
2016,10,Mt. Hotham,28044,83085,2.3,-0.27,0.49,1945m,1450m,320ha,25ha,13
2016,11,Mt. Hotham,31774,83085,0.29,-2.93,3.34,1945m,1450m,320ha,25ha,13
2016,12,Mt. Hotham,28211,83085,0.7,-4.03,1.86,1945m,1450m,320ha,25ha,13
2016,13,Mt. Hotham,20295,83085,5.71,-0.49,3.69,1945m,1450m,320ha,25ha,13
2016,14,Mt. Hotham,14224,83085,4.03,0.81,3.57,1945m,1450m,320ha,25ha,13
2016,15,Mt. Hotham,10134,83085,1.7,-2.79,3.67,1945m,1450m,320ha,25ha,13
2017,1,Mt. Hotham,6288,83085,6.39,-0.49,0.26,1945m,1450m,320ha,25ha,13
2017,2,Mt. Hotham,2644,83085,5.61,0.34,0,1945m,1450m,320ha,25ha,13
2017,3,Mt. Hotham,5756,83085,-1.1,-3.93,2.46,1945m,1450m,320ha,25ha,13
2017,4,Mt. Hotham,17281,83085,0.89,-3.56,0.46,1945m,1450m,320ha,25ha,13
2017,5,Mt. Hotham,29573,83085,-1.6,-4.94,0.4,1945m,1450m,320ha,25ha,13
2017,6,Mt. Hotham,33467,83085,-1.61,-4.73,0.4,1945m,1450m,320ha,25ha,13
2017,7,Mt. Hotham,23812,83085,-1.17,-4.9,0.4,1945m,1450m,320ha,25ha,13
2017,8,Mt. Hotham,25596,83085,0.59,-3.94,0.4,1945m,1450m,320ha,25ha,13
2017,9,Mt. Hotham,29214,83085,-1.42,-3.83,0.4,1945m,1450m,320ha,25ha,13
2017,10,Mt. Hotham,33652,83085,0.45,-1.63,0.4,1945m,1450m,320ha,25ha,13
2017,11,Mt. Hotham,35159,83085,-2.11,-5.84,0.4,1945m,1450m,320ha,25ha,13
2017,12,Mt. Hotham,32732,83085,-1.1,-5.61,0.4,1945m,1450m,320ha,25ha,13
2017,13,Mt. Hotham,26326,83085,0.73,-4.39,0.4,1945m,1450m,320ha,25ha,13
2017,14,Mt. Hotham,21960,83085,1.49,-3.44,0.4,1945m,1450m,320ha,25ha,13
2017,15,Mt. Hotham,14990,83085,3.17,-3.27,0.4,1945m,1450m,320ha,25ha,13
2018,1,Mt. Hotham,6271,83085,1.03,-1.97,0.51,1945m,1450m,320ha,25ha,13
2018,2,Mt. Hotham,3489,83085,-1.46,-4.89,0.14,1945m,1450m,320ha,25ha,13
2018,3,Mt. Hotham,6911,83085,-0.51,-4.54,2,1945m,1450m,320ha,25ha,13
2018,4,Mt. Hotham,17524,83085,1,-3.07,1.89,1945m,1450m,320ha,25ha,13
2018,5,Mt. Hotham,31435,83085,0.14,-4.6,0.97,1945m,1450m,320ha,25ha,13
2018,6,Mt. Hotham,37737,83085,-0.73,-5.4,0.14,1945m,1450m,320ha,25ha,13
2018,7,Mt. Hotham,25157,83085,-1.26,-4.86,0.43,1945m,1450m,320ha,25ha,13
2018,8,Mt. Hotham,24150,83085,0.59,-3.71,2.23,1945m,1450m,320ha,25ha,13
2018,9,Mt. Hotham,30515,83085,-1.03,-4.61,1.46,1945m,1450m,320ha,25ha,13
2018,10,Mt. Hotham,33527,83085,-1.04,-4.19,3.29,1945m,1450m,320ha,25ha,13
2018,11,Mt. Hotham,38115,83085,-2.01,-4.8,0.06,1945m,1450m,320ha,25ha,13
2018,12,Mt. Hotham,35284,83085,-1.99,-5.39,3.46,1945m,1450m,320ha,25ha,13
2018,13,Mt. Hotham,28187,83085,0.71,-4.11,2.57,1945m,1450m,320ha,25ha,13
2018,14,Mt. Hotham,21947,83085,5.54,-0.97,0.29,1945m,1450m,320ha,25ha,13
2018,15,Mt. Hotham,15320,83085,1.6,-4.16,0.57,1945m,1450m,320ha,25ha,13
2019,1,Mt. Hotham,5948,83085,3.08,-3.77,0.13,1945m,1450m,320ha,25ha,13
2019,2,Mt. Hotham,3019,83085,-1.91,-5.12,0.09,1945m,1450m,320ha,25ha,13
2019,3,Mt. Hotham,5820,83085,4.17,-1.83,0.06,1945m,1450m,320ha,25ha,13
2019,4,Mt. Hotham,13150,83085,1.01,-2.84,0.09,1945m,1450m,320ha,25ha,13
2019,5,Mt. Hotham,26572,83085,-0.16,-2.73,0.09,1945m,1450m,320ha,25ha,13
2019,6,Mt. Hotham,36382,83085,-0.51,-4.56,0.11,1945m,1450m,320ha,25ha,13
2019,7,Mt. Hotham,23978,83085,0.83,-3.49,0.17,1945m,1450m,320ha,25ha,13
2019,8,Mt. Hotham,24998,83085,2.95,-2.36,0.09,1945m,1450m,320ha,25ha,13
2019,9,Mt. Hotham,31360,83085,-0.6,-4.43,0,1945m,1450m,320ha,25ha,13
2019,10,Mt. Hotham,29531,83085,-1.19,-4.7,0,1945m,1450m,320ha,25ha,13
2019,11,Mt. Hotham,39955,83085,1.06,-4.49,0,1945m,1450m,320ha,25ha,13
2019,12,Mt. Hotham,37905,83085,2.19,-5.29,0,1945m,1450m,320ha,25ha,13
2019,13,Mt. Hotham,33186,83085,3.54,-1.14,0,1945m,1450m,320ha,25ha,13
2019,14,Mt. Hotham,27192,83085,3.07,-3.47,0,1945m,1450m,320ha,25ha,13
2019,15,Mt. Hotham,20169,83085,5.31,-1.13,0,1945m,1450m,320ha,25ha,13
2020,1,Mt. Hotham,2016,83085,6.35,3.01,0.11,1945m,1450m,320ha,25ha,13
2020,2,Mt. Hotham,1346,83085,5.04,3.59,1.46,1945m,1450m,320ha,25ha,13
2020,3,Mt. Hotham,1416,83085,3.72,1.93,1.43,1945m,1450m,320ha,25ha,13
2020,4,Mt. Hotham,4172,83085,2.41,0.26,2.26,1945m,1450m,320ha,25ha,13
2020,5,Mt. Hotham,9325,83085,0.8,-1.01,2.8,1945m,1450m,320ha,25ha,13
2020,6,Mt. Hotham,15316,83085,0.87,-3.31,0.74,1945m,1450m,320ha,25ha,13
2020,7,Mt. Hotham,8953,83085,3.73,-1.84,0.34,1945m,1450m,320ha,25ha,13
2020,8,Mt. Hotham,4401,83085,4.06,-1.57,0.26,1945m,1450m,320ha,25ha,13
2020,9,Mt. Hotham,3476,83085,-0.61,-5.14,1.46,1945m,1450m,320ha,25ha,13
2020,10,Mt. Hotham,1043,83085,2.14,-1.1,2.43,1945m,1450m,320ha,25ha,13
2020,11,Mt. Hotham,0,83085,-1.71,-4.47,5.86,1945m,1450m,320ha,25ha,13
2020,12,Mt. Hotham,0,83085,0.93,-4.24,0.43,1945m,1450m,320ha,25ha,13
2020,13,Mt. Hotham,0,83085,3.91,-1.79,0.17,1945m,1450m,320ha,25ha,13
2020,14,Mt. Hotham,0,83085,7.31,0.73,2.26,1945m,1450m,320ha,25ha,13
2020,15,Mt. Hotham,0,83085,8.79,1.7,0.97,1945m,1450m,320ha,25ha,13
2021,1,Mt. Hotham,3992,83085,1.14,-2.31,3.26,1945m,1450m,320ha,25ha,13
2021,2,Mt. Hotham,9086,83085,0.53,-2.7,0.49,1945m,1450m,320ha,25ha,13
2021,3,Mt. Hotham,16742,83085,1.06,-2.21,1.03,1945m,1450m,320ha,25ha,13
2021,4,Mt. Hotham,28047,83085,-0.3,-3.39,1.8,1945m,1450m,320ha,25ha,13
2021,5,Mt. Hotham,35270,83085,0.49,-3.49,0.26,1945m,1450m,320ha,25ha,13
2021,6,Mt. Hotham,13693,83085,-0.54,-3.57,4.34,1945m,1450m,320ha,25ha,13
2021,7,Mt. Hotham,6750,83085,-1.44,-4.56,3.54,1945m,1450m,320ha,25ha,13
2021,8,Mt. Hotham,18858,83085,-0.23,-3.6,2.6,1945m,1450m,320ha,25ha,13
2021,9,Mt. Hotham,27982,83085,0.59,-3.11,2.06,1945m,1450m,320ha,25ha,13
2021,10,Mt. Hotham,16215,83085,0.47,-2.57,1.71,1945m,1450m,320ha,25ha,13
2021,11,Mt. Hotham,15773,83085,1.44,-1.77,0.11,1945m,1450m,320ha,25ha,13
2021,12,Mt. Hotham,4200,83085,0.26,-3.51,1.57,1945m,1450m,320ha,25ha,13
2021,13,Mt. Hotham,4200,83085,4.6,-1.14,0.46,1945m,1450m,320ha,25ha,13
2021,14,Mt. Hotham,5617,83085,3.36,-1.47,0.43,1945m,1450m,320ha,25ha,13
2021,15,Mt. Hotham,11309,83085,1.93,-2.6,0.8,1945m,1450m,320ha,25ha,13
2022,1,Mt. Hotham,16726,83085,-1.06,-4.37,0.11,1945m,1450m,320ha,25ha,13
2022,2,Mt. Hotham,17273,83085,0.9,-1.79,2.43,1945m,1450m,320ha,25ha,13
2022,3,Mt. Hotham,17846,83085,1.73,-3.09,5.11,1945m,1450m,320ha,25ha,13
2022,4,Mt. Hotham,32710,83085,2.1,-4.23,0.4,1945m,1450m,320ha,25ha,13
2022,5,Mt. Hotham,39827,83085,-1.1,-3.97,0.71,1945m,1450m,320ha,25ha,13
2022,6,Mt. Hotham,34135,83085,-1.46,-6.1,0.09,1945m,1450m,320ha,25ha,13
2022,7,Mt. Hotham,34204,83085,1.76,-2.26,2.54,1945m,1450m,320ha,25ha,13
2022,8,Mt. Hotham,32560,83085,0.27,-4.3,2.86,1945m,1450m,320ha,25ha,13
2022,9,Mt. Hotham,34634,83085,4.37,-3.07,3.71,1945m,1450m,320ha,25ha,13
2022,10,Mt. Hotham,37253,83085,2.22,-2.67,2.44,1945m,1450m,320ha,25ha,13
2022,11,Mt. Hotham,34672,83085,-0.3,-4.19,4.66,1945m,1450m,320ha,25ha,13
2022,12,Mt. Hotham,33389,83085,3.92,-0.67,1.8,1945m,1450m,320ha,25ha,13
2022,13,Mt. Hotham,29398,83085,2.55,0,0.4,1945m,1450m,320ha,25ha,13
2022,14,Mt. Hotham,21856,83085,1.09,-0.7,1.86,1945m,1450m,320ha,25ha,13
2022,15,Mt. Hotham,18981,83085,-0.37,-1.4,4.31,1945m,1450m,320ha,25ha,13
2023,1,Mt. Hotham,5318,83085,0.73,-1.98,1.16,1945m,1450m,320ha,25ha,13
2023,2,Mt. Hotham,8241,83085,0.76,-1.6,1.49,1945m,1450m,320ha,25ha,13
2023,3,Mt. Hotham,18549,83085,0.21,-1.72,0.03,1945m,1450m,320ha,25ha,13
2023,4,Mt. Hotham,33179,83085,2.44,-1.37,1.91,1945m,1450m,320ha,25ha,13
2023,5,Mt. Hotham,34315,83085,0.33,-2.23,0.57,1945m,1450m,320ha,25ha,13
2023,6,Mt. Hotham,44648,83085,1.41,-2.46,0.54,1945m,1450m,320ha,25ha,13
2023,7,Mt. Hotham,35497,83085,2.21,-2.2,0.31,1945m,1450m,320ha,25ha,13
2023,8,Mt. Hotham,34086,83085,2.87,-0.51,2.86,1945m,1450m,320ha,25ha,13
2023,9,Mt. Hotham,34067,83085,3.63,-1.1,0.14,1945m,1450m,320ha,25ha,13
2023,10,Mt. Hotham,35521,83085,0.8,-3.54,1.97,1945m,1450m,320ha,25ha,13
2023,11,Mt. Hotham,37115,83085,3.91,-1.56,2.49,1945m,1450m,320ha,25ha,13
2023,12,Mt. Hotham,30944,83085,5.14,0.07,3.23,1945m,1450m,320ha,25ha,13
2023,13,Mt. Hotham,22969,83085,8.48,0.01,0.34,1945m,1450m,320ha,25ha,13
2023,14,Mt. Hotham,15149,83085,7.04,0.46,1.26,1945m,1450m,320ha,25ha,13
2023,15,Mt. Hotham,9148,83085,4.79,-0.28,0.06,1945m,1450m,320ha,25ha,13
2024,1,Mt. Hotham,2079,83085,2.11,-3.17,1.63,1945m,1450m,320ha,25ha,13
2024,2,Mt. Hotham,4269,83085,0.46,-4.99,0.03,1945m,1450m,320ha,25ha,13
2024,3,Mt. Hotham,6033,83085,0.59,-2.94,2.54,1945m,1450m,320ha,25ha,13
2024,4,Mt. Hotham,11558,83085,0.36,-4.99,0.06,1945m,1450m,320ha,25ha,13
2024,5,Mt. Hotham,27353,83085,1.76,-1.64,3.89,1945m,1450m,320ha,25ha,13
2024,6,Mt. Hotham,31258,83085,-1.24,-5.14,0.54,1945m,1450m,320ha,25ha,13
2024,7,Mt. Hotham,36427,83085,-0.11,-2.77,1.03,1945m,1450m,320ha,25ha,13
2024,8,Mt. Hotham,24401,83085,-0.27,-5.57,1.03,1945m,1450m,320ha,25ha,13
2024,9,Mt. Hotham,25904,83085,1.37,-3.39,0.97,1945m,1450m,320ha,25ha,13
2024,10,Mt. Hotham,25139,83085,4.86,1.37,0.14,1945m,1450m,320ha,25ha,13
2024,11,Mt. Hotham,24260,83085,3.47,-0.06,3.6,1945m,1450m,320ha,25ha,13
2024,12,Mt. Hotham,19289,83085,2.87,-0.61,4.69,1945m,1450m,320ha,25ha,13
2024,13,Mt. Hotham,14487,83085,4.71,-1.36,2.29,1945m,1450m,320ha,25ha,13
2024,14,Mt. Hotham,2700,83085,4.63,-1,1.46,1945m,1450m,320ha,25ha,13
2024,15,Mt. Hotham,0,83085,1.67,-4.13,0.74,1945m,1450m,320ha,25ha,13
2014,1,Falls Creek,2790,83084,4.6,-0.3,3.4,1780m,1500m,450ha,100ha,15
2014,2,Falls Creek,1425,83084,4.41,-0.29,1.09,1780m,1500m,450ha,100ha,15
2014,3,Falls Creek,2101,83084,0.1,-2.83,3.51,1780m,1500m,450ha,100ha,15
2014,4,Falls Creek,9544,83084,1.39,-2.69,3.46,1780m,1500m,450ha,100ha,15
2014,5,Falls Creek,26211,83084,-0.73,-3.76,1.94,1780m,1500m,450ha,100ha,15
2014,6,Falls Creek,33392,83084,0.29,-3.96,4,1780m,1500m,450ha,100ha,15
2014,7,Falls Creek,28149,83084,3.1,-0.89,1.23,1780m,1500m,450ha,100ha,15
2014,8,Falls Creek,24565,83084,0.19,-3.33,2.29,1780m,1500m,450ha,100ha,15
2014,9,Falls Creek,28981,83084,2.37,-2.57,0.29,1780m,1500m,450ha,100ha,15
2014,10,Falls Creek,33125,83084,3.4,-4.54,0,1780m,1500m,450ha,100ha,15
2014,11,Falls Creek,36486,83084,4.43,-0.49,0.63,1780m,1500m,450ha,100ha,15
2014,12,Falls Creek,34468,83084,7.03,0.07,1.29,1780m,1500m,450ha,100ha,15
2014,13,Falls Creek,30104,83084,3.53,-2.1,0.94,1780m,1500m,450ha,100ha,15
2014,14,Falls Creek,23864,83084,5.7,-0.2,0.6,1780m,1500m,450ha,100ha,15
2014,15,Falls Creek,15869,83084,5.77,-1.87,0.43,1780m,1500m,450ha,100ha,15
2015,1,Falls Creek,4799,83084,7.23,0.16,0.03,1780m,1500m,450ha,100ha,15
2015,2,Falls Creek,3293,83084,2.16,-2.03,1.83,1780m,1500m,450ha,100ha,15
2015,3,Falls Creek,5965,83084,7,-0.44,1.03,1780m,1500m,450ha,100ha,15
2015,4,Falls Creek,11758,83084,1.37,-3.91,0.46,1780m,1500m,450ha,100ha,15
2015,5,Falls Creek,20779,83084,0.54,-2.97,2.54,1780m,1500m,450ha,100ha,15
2015,6,Falls Creek,24064,83084,-1.27,-5.5,0.83,1780m,1500m,450ha,100ha,15
2015,7,Falls Creek,27566,83084,0.2,-2.34,3.06,1780m,1500m,450ha,100ha,15
2015,8,Falls Creek,25955,83084,-0.4,-3.61,0.63,1780m,1500m,450ha,100ha,15
2015,9,Falls Creek,31872,83084,-0.29,-5.11,0.4,1780m,1500m,450ha,100ha,15
2015,10,Falls Creek,35417,83084,0.94,-2.9,0.91,1780m,1500m,450ha,100ha,15
2015,11,Falls Creek,37063,83084,3.36,-2.1,0.31,1780m,1500m,450ha,100ha,15
2015,12,Falls Creek,36903,83084,2.03,-3.51,3,1780m,1500m,450ha,100ha,15
2015,13,Falls Creek,33126,83084,3.24,-1.7,1.57,1780m,1500m,450ha,100ha,15
2015,14,Falls Creek,28099,83084,7.5,-0.03,0.31,1780m,1500m,450ha,100ha,15
2015,15,Falls Creek,18548,83084,5.93,0.09,0.86,1780m,1500m,450ha,100ha,15
2016,1,Falls Creek,3840,83084,5.23,-1.14,2.2,1780m,1500m,450ha,100ha,15
2016,2,Falls Creek,2176,83084,2.99,0.09,2.54,1780m,1500m,450ha,100ha,15
2016,3,Falls Creek,10297,83084,-0.91,-4.67,1.34,1780m,1500m,450ha,100ha,15
2016,4,Falls Creek,23077,83084,0.34,-2.73,3.31,1780m,1500m,450ha,100ha,15
2016,5,Falls Creek,33309,83084,0.83,-1.47,2.69,1780m,1500m,450ha,100ha,15
2016,6,Falls Creek,38818,83084,5.01,-1.03,0.91,1780m,1500m,450ha,100ha,15
2016,7,Falls Creek,30873,83084,0.53,-2.79,1.66,1780m,1500m,450ha,100ha,15
2016,8,Falls Creek,36692,83084,0,-2.67,1.03,1780m,1500m,450ha,100ha,15
2016,9,Falls Creek,40090,83084,0.83,-3.13,0.11,1780m,1500m,450ha,100ha,15
2016,10,Falls Creek,43213,83084,2.19,-2.09,0.8,1780m,1500m,450ha,100ha,15
2016,11,Falls Creek,43213,83084,1.04,-2.16,2.43,1780m,1500m,450ha,100ha,15
2016,12,Falls Creek,43275,83084,2.2,-2.86,0.17,1780m,1500m,450ha,100ha,15
2016,13,Falls Creek,33724,83084,6.7,-0.27,0.89,1780m,1500m,450ha,100ha,15
2016,14,Falls Creek,24144,83084,5.61,1.69,1.49,1780m,1500m,450ha,100ha,15
2016,15,Falls Creek,19696,83084,2.6,-2.01,1.91,1780m,1500m,450ha,100ha,15
2017,1,Falls Creek,5663,83084,7.26,0.24,0,1780m,1500m,450ha,100ha,15
2017,2,Falls Creek,3577,83084,6.9,1.07,0,1780m,1500m,450ha,100ha,15
2017,3,Falls Creek,7935,83084,0.13,-3.41,0.03,1780m,1500m,450ha,100ha,15
2017,4,Falls Creek,16182,83084,2.07,-2.89,0.97,1780m,1500m,450ha,100ha,15
2017,5,Falls Creek,30745,83084,-0.63,-3.59,0.51,1780m,1500m,450ha,100ha,15
2017,6,Falls Creek,38180,83084,-0.64,-4.17,2.8,1780m,1500m,450ha,100ha,15
2017,7,Falls Creek,30541,83084,0.36,-3.71,2.11,1780m,1500m,450ha,100ha,15
2017,8,Falls Creek,29332,83084,2.19,-2.93,0.91,1780m,1500m,450ha,100ha,15
2017,9,Falls Creek,34784,83084,-0.19,-2.99,3.2,1780m,1500m,450ha,100ha,15
2017,10,Falls Creek,39838,83084,1.54,-0.67,1.14,1780m,1500m,450ha,100ha,15
2017,11,Falls Creek,41643,83084,-0.19,-5,0.34,1780m,1500m,450ha,100ha,15
2017,12,Falls Creek,38487,83084,0.83,-5.96,2.69,1780m,1500m,450ha,100ha,15
2017,13,Falls Creek,34745,83084,1.31,-3.46,4.34,1780m,1500m,450ha,100ha,15
2017,14,Falls Creek,28865,83084,2.31,-2.44,2.51,1780m,1500m,450ha,100ha,15
2017,15,Falls Creek,21846,83084,4.23,-2.56,1.23,1780m,1500m,450ha,100ha,15
2018,1,Falls Creek,4735,83084,1.93,-1.4,2.66,1780m,1500m,450ha,100ha,15
2018,2,Falls Creek,3408,83084,-0.61,-4.24,0.37,1780m,1500m,450ha,100ha,15
2018,3,Falls Creek,8450,83084,2.49,-3.21,0,1780m,1500m,450ha,100ha,15
2018,4,Falls Creek,16200,83084,2.11,-1.99,2.23,1780m,1500m,450ha,100ha,15
2018,5,Falls Creek,32502,83084,0.76,-3.96,0.97,1780m,1500m,450ha,100ha,15
2018,6,Falls Creek,40750,83084,-0.2,-4.77,1.46,1780m,1500m,450ha,100ha,15
2018,7,Falls Creek,31768,83084,-0.41,-4.44,1.46,1780m,1500m,450ha,100ha,15
2018,8,Falls Creek,29814,83084,1.14,-2.36,4.6,1780m,1500m,450ha,100ha,15
2018,9,Falls Creek,33734,83084,0.63,-3.94,3.66,1780m,1500m,450ha,100ha,15
2018,10,Falls Creek,41774,83084,-0.43,-3.7,3.77,1780m,1500m,450ha,100ha,15
2018,11,Falls Creek,40149,83084,-0.66,-4.63,2.11,1780m,1500m,450ha,100ha,15
2018,12,Falls Creek,38075,83084,1.73,-4.94,0,1780m,1500m,450ha,100ha,15
2018,13,Falls Creek,32603,83084,2.73,-2.89,0.94,1780m,1500m,450ha,100ha,15
2018,14,Falls Creek,28410,83084,6.6,-0.06,0,1780m,1500m,450ha,100ha,15
2018,15,Falls Creek,19085,83084,2.94,-2.97,0,1780m,1500m,450ha,100ha,15
2019,1,Falls Creek,8702,83084,3.86,0.86,3.09,1780m,1500m,450ha,100ha,15
2019,2,Falls Creek,4257,83084,0.03,-4.49,1.11,1780m,1500m,450ha,100ha,15
2019,3,Falls Creek,7581,83084,4.99,-0.96,0.11,1780m,1500m,450ha,100ha,15
2019,4,Falls Creek,14826,83084,2.09,-2.23,0.43,1780m,1500m,450ha,100ha,15
2019,5,Falls Creek,31088,83084,0.37,-2.16,3.77,1780m,1500m,450ha,100ha,15
2019,6,Falls Creek,37988,83084,0.41,-3.97,3.17,1780m,1500m,450ha,100ha,15
2019,7,Falls Creek,33409,83084,2.27,-2.76,0.29,1780m,1500m,450ha,100ha,15
2019,8,Falls Creek,31157,83084,4.3,-1.99,1.8,1780m,1500m,450ha,100ha,15
2019,9,Falls Creek,34471,83084,0.57,-3.91,4.83,1780m,1500m,450ha,100ha,15
2019,10,Falls Creek,39514,83084,-0.07,-4.27,3.09,1780m,1500m,450ha,100ha,15
2019,11,Falls Creek,40569,83084,3.06,-3.81,3.8,1780m,1500m,450ha,100ha,15
2019,12,Falls Creek,38230,83084,3.36,-4.29,1.07,1780m,1500m,450ha,100ha,15
2019,13,Falls Creek,35090,83084,5.16,-0.23,3.2,1780m,1500m,450ha,100ha,15
2019,14,Falls Creek,30655,83084,5.17,-2.34,2.29,1780m,1500m,450ha,100ha,15
2019,15,Falls Creek,22832,83084,6.61,-0.16,1.17,1780m,1500m,450ha,100ha,15
2020,1,Falls Creek,2905,83084,3.97,-0.26,0.43,1780m,1500m,450ha,100ha,15
2020,2,Falls Creek,1931,83084,2.36,-0.26,1.4,1780m,1500m,450ha,100ha,15
2020,3,Falls Creek,1672,83084,2.56,-2.66,2.29,1780m,1500m,450ha,100ha,15
2020,4,Falls Creek,4208,83084,0.99,-3,1.63,1780m,1500m,450ha,100ha,15
2020,5,Falls Creek,7199,83084,2.01,-1.06,1.6,1780m,1500m,450ha,100ha,15
2020,6,Falls Creek,8741,83084,1.13,-2.74,1.43,1780m,1500m,450ha,100ha,15
2020,7,Falls Creek,6964,83084,4.43,-0.7,1.37,1780m,1500m,450ha,100ha,15
2020,8,Falls Creek,3407,83084,5.1,-1.54,0.31,1780m,1500m,450ha,100ha,15
2020,9,Falls Creek,4837,83084,0.53,-4.53,1.97,1780m,1500m,450ha,100ha,15
2020,10,Falls Creek,4869,83084,3.1,-0.67,2.26,1780m,1500m,450ha,100ha,15
2020,11,Falls Creek,0,83084,-1.01,-4.27,1.54,1780m,1500m,450ha,100ha,15
2020,12,Falls Creek,0,83084,2.96,-3.54,2.66,1780m,1500m,450ha,100ha,15
2020,13,Falls Creek,0,83084,5.33,-0.99,0.46,1780m,1500m,450ha,100ha,15
2020,14,Falls Creek,0,83084,8.34,1.16,1.57,1780m,1500m,450ha,100ha,15
2020,15,Falls Creek,0,83084,9.53,1.04,1.86,1780m,1500m,450ha,100ha,15
2021,1,Falls Creek,8585,83084,1.76,-1.64,3.23,1780m,1500m,450ha,100ha,15
2021,2,Falls Creek,13114,83084,1.21,-1.99,3,1780m,1500m,450ha,100ha,15
2021,3,Falls Creek,24383,83084,2.1,-1.34,3.23,1780m,1500m,450ha,100ha,15
2021,4,Falls Creek,31297,83084,0.66,-2.8,3.37,1780m,1500m,450ha,100ha,15
2021,5,Falls Creek,36763,83084,1.99,-2.33,1.06,1780m,1500m,450ha,100ha,15
2021,6,Falls Creek,14100,83084,-0.17,-2.8,3.29,1780m,1500m,450ha,100ha,15
2021,7,Falls Creek,7500,83084,-0.7,-4.31,0.57,1780m,1500m,450ha,100ha,15
2021,8,Falls Creek,22133,83084,0.61,-2.77,2.29,1780m,1500m,450ha,100ha,15
2021,9,Falls Creek,9250,83084,1.6,-2.6,2.49,1780m,1500m,450ha,100ha,15
2021,10,Falls Creek,14152,83084,1.8,-2.16,1.6,1780m,1500m,450ha,100ha,15
2021,11,Falls Creek,16893,83084,2.74,-1.11,1.71,1780m,1500m,450ha,100ha,15
2021,12,Falls Creek,10746,83084,0.97,-2.99,3.74,1780m,1500m,450ha,100ha,15
2021,13,Falls Creek,7505,83084,5.44,-0.34,4,1780m,1500m,450ha,100ha,15
2021,14,Falls Creek,7698,83084,4.5,-1.07,1.4,1780m,1500m,450ha,100ha,15
2021,15,Falls Creek,5282,83084,2.89,-2,0.89,1780m,1500m,450ha,100ha,15
2022,1,Falls Creek,16216,83084,0.34,-4.34,2.54,1780m,1500m,450ha,100ha,15
2022,2,Falls Creek,11828,83084,2.39,-1.41,3.29,1780m,1500m,450ha,100ha,15
2022,3,Falls Creek,21374,83084,2.14,-2.63,5.83,1780m,1500m,450ha,100ha,15
2022,4,Falls Creek,31895,83084,2.61,-3.56,1.09,1780m,1500m,450ha,100ha,15
2022,5,Falls Creek,36797,83084,-0.5,-3.8,1.34,1780m,1500m,450ha,100ha,15
2022,6,Falls Creek,40770,83084,-0.31,-5.77,0.71,1780m,1500m,450ha,100ha,15
2022,7,Falls Creek,38308,83084,2.79,-1.3,2.86,1780m,1500m,450ha,100ha,15
2022,8,Falls Creek,35915,83084,0.94,-3.57,2.77,1780m,1500m,450ha,100ha,15
2022,9,Falls Creek,39378,83084,0.9,-2.61,4.4,1780m,1500m,450ha,100ha,15
2022,10,Falls Creek,41541,83084,1.01,-2.07,2.06,1780m,1500m,450ha,100ha,15
2022,11,Falls Creek,44226,83084,0.26,-3.63,5,1780m,1500m,450ha,100ha,15
2022,12,Falls Creek,44959,83084,4.24,-0.91,4.14,1780m,1500m,450ha,100ha,15
2022,13,Falls Creek,35811,83084,3.16,-3.14,0.17,1780m,1500m,450ha,100ha,15
2022,14,Falls Creek,30281,83084,1.73,-2.46,2.83,1780m,1500m,450ha,100ha,15
2022,15,Falls Creek,26821,83084,2.63,-1.59,5.29,1780m,1500m,450ha,100ha,15
2023,1,Falls Creek,7332,83084,0.91,-1.8,3,1780m,1500m,450ha,100ha,15
2023,2,Falls Creek,7029,83084,-0.14,-3.07,1.83,1780m,1500m,450ha,100ha,15
2023,3,Falls Creek,16737,83084,-0.67,-3.39,0.43,1780m,1500m,450ha,100ha,15
2023,4,Falls Creek,29896,83084,2.63,-1.87,2.06,1780m,1500m,450ha,100ha,15
2023,5,Falls Creek,34384,83084,1.57,-2.07,2.94,1780m,1500m,450ha,100ha,15
2023,6,Falls Creek,39352,83084,2.71,-1.63,0.46,1780m,1500m,450ha,100ha,15
2023,7,Falls Creek,39492,83084,3.71,-1.8,0.49,1780m,1500m,450ha,100ha,15
2023,8,Falls Creek,35667,83084,3.24,-0.13,4.09,1780m,1500m,450ha,100ha,15
2023,9,Falls Creek,39490,83084,4.29,-0.67,0.4,1780m,1500m,450ha,100ha,15
2023,10,Falls Creek,43353,83084,2,-3.14,1.89,1780m,1500m,450ha,100ha,15
2023,11,Falls Creek,42005,83084,3.83,-1.29,4.14,1780m,1500m,450ha,100ha,15
2023,12,Falls Creek,36988,83084,5.91,0.81,4.4,1780m,1500m,450ha,100ha,15
2023,13,Falls Creek,28811,83084,7.26,-1.24,1.49,1780m,1500m,450ha,100ha,15
2023,14,Falls Creek,22814,83084,2.77,-2.27,1.83,1780m,1500m,450ha,100ha,15
2023,15,Falls Creek,16476,83084,6.9,0.36,1.8,1780m,1500m,450ha,100ha,15
2024,1,Falls Creek,5511,83084,2.59,-2.79,1.03,1780m,1500m,450ha,100ha,15
2024,2,Falls Creek,5506,83084,1.26,-4.73,0.51,1780m,1500m,450ha,100ha,15
2024,3,Falls Creek,6501,83084,0.96,-2.26,2.43,1780m,1500m,450ha,100ha,15
2024,4,Falls Creek,19666,83084,1.19,-3.91,0.46,1780m,1500m,450ha,100ha,15
2024,5,Falls Creek,40093,83084,3.31,-1.19,0.53,1780m,1500m,450ha,100ha,15
2024,6,Falls Creek,46620,83084,-0.27,-4.83,5.04,1780m,1500m,450ha,100ha,15
2024,7,Falls Creek,43349,83084,0.59,-2.6,2.39,1780m,1500m,450ha,100ha,15
2024,8,Falls Creek,43812,83084,2.28,-2.21,0.09,1780m,1500m,450ha,100ha,15
2024,9,Falls Creek,49697,83084,1.62,-2.31,1.37,1780m,1500m,450ha,100ha,15
2024,10,Falls Creek,38756,83084,5.83,1.6,0.17,1780m,1500m,450ha,100ha,15
2024,11,Falls Creek,38541,83084,4.02,0.45,4.6,1780m,1500m,450ha,100ha,15
2024,12,Falls Creek,42101,83084,3.21,-0.16,3.4,1780m,1500m,450ha,100ha,15
2024,13,Falls Creek,25252,83084,5.77,-0.51,2.71,1780m,1500m,450ha,100ha,15
2024,14,Falls Creek,17137,83084,5.9,-0.59,0.94,1780m,1500m,450ha,100ha,15
2024,15,Falls Creek,12950,83084,2.64,-3.61,1.26,1780m,1500m,450ha,100ha,15
2014,1,Mt. Buller,8296,83024,4.27,-0.01,2.71,1805m,1375m,300ha,70ha+,22
2014,2,Mt. Buller,1987,83024,5.26,-0.34,1.09,1805m,1375m,300ha,70ha+,22
2014,3,Mt. Buller,2413,83024,0.39,-2.51,1.43,1805m,1375m,300ha,70ha+,22
2014,4,Mt. Buller,18831,83024,0.96,-1.86,3.71,1805m,1375m,300ha,70ha+,22
2014,5,Mt. Buller,49217,83024,-0.29,-3.4,5.23,1805m,1375m,300ha,70ha+,22
2014,6,Mt. Buller,59693,83024,-1,-3.59,3.31,1805m,1375m,300ha,70ha+,22
2014,7,Mt. Buller,45788,83024,2.37,-1.51,1.49,1805m,1375m,300ha,70ha+,22
2014,8,Mt. Buller,41720,83024,0.44,-2.99,3.66,1805m,1375m,300ha,70ha+,22
2014,9,Mt. Buller,48984,83024,1.16,-3.51,0.94,1805m,1375m,300ha,70ha+,22
2014,10,Mt. Buller,47315,83024,3.71,-3.87,0.71,1805m,1375m,300ha,70ha+,22
2014,11,Mt. Buller,43314,83024,4.31,-0.33,0.06,1805m,1375m,300ha,70ha+,22
2014,12,Mt. Buller,41063,83024,7.09,1.17,0.09,1805m,1375m,300ha,70ha+,22
2014,13,Mt. Buller,41063,83024,4.41,-1.7,1,1805m,1375m,300ha,70ha+,22
2014,14,Mt. Buller,26222,83024,5.27,0.27,2.2,1805m,1375m,300ha,70ha+,22
2014,15,Mt. Buller,11881,83024,4.84,-1.51,2.97,1805m,1375m,300ha,70ha+,22
2015,1,Mt. Buller,15612,83024,6.5,0.19,0.14,1805m,1375m,300ha,70ha+,22
2015,2,Mt. Buller,6592,83024,2.8,-1.93,1.14,1805m,1375m,300ha,70ha+,22
2015,3,Mt. Buller,6648,83024,6.41,-0.56,0.09,1805m,1375m,300ha,70ha+,22
2015,4,Mt. Buller,18766,83024,-0.09,-3.89,1.69,1805m,1375m,300ha,70ha+,22
2015,5,Mt. Buller,38879,83024,0.63,-3.01,6.54,1805m,1375m,300ha,70ha+,22
2015,6,Mt. Buller,45629,83024,-1.14,-5.2,3.69,1805m,1375m,300ha,70ha+,22
2015,7,Mt. Buller,38873,83024,0.23,-2.47,2.03,1805m,1375m,300ha,70ha+,22
2015,8,Mt. Buller,36714,83024,-0.01,-4.33,3.26,1805m,1375m,300ha,70ha+,22
2015,9,Mt. Buller,38171,83024,-0.63,-4.63,3.66,1805m,1375m,300ha,70ha+,22
2015,10,Mt. Buller,41782,83024,0.26,-2.23,4.39,1805m,1375m,300ha,70ha+,22
2015,11,Mt. Buller,44060,83024,3.14,-1.86,0.4,1805m,1375m,300ha,70ha+,22
2015,12,Mt. Buller,38823,83024,2.13,-2.83,0.86,1805m,1375m,300ha,70ha+,22
2015,13,Mt. Buller,38042,83024,3.49,-1.31,1.93,1805m,1375m,300ha,70ha+,22
2015,14,Mt. Buller,23919,83024,7.19,0.26,2,1805m,1375m,300ha,70ha+,22
2015,15,Mt. Buller,21892,83024,6.51,-0.29,1.77,1805m,1375m,300ha,70ha+,22
2016,1,Mt. Buller,8368,83024,5.4,-0.86,0.86,1805m,1375m,300ha,70ha+,22
2016,2,Mt. Buller,5298,83024,3.41,0.3,3.14,1805m,1375m,300ha,70ha+,22
2016,3,Mt. Buller,17606,83024,-1.07,-4.24,0.94,1805m,1375m,300ha,70ha+,22
2016,4,Mt. Buller,37586,83024,0,-2.01,5.69,1805m,1375m,300ha,70ha+,22
2016,5,Mt. Buller,56664,83024,0.66,-1.11,2.49,1805m,1375m,300ha,70ha+,22
2016,6,Mt. Buller,44445,83024,5.2,-1.19,0.91,1805m,1375m,300ha,70ha+,22
2016,7,Mt. Buller,37928,83024,0.93,-2.84,2.51,1805m,1375m,300ha,70ha+,22
2016,8,Mt. Buller,39125,83024,0.33,-2.23,4.77,1805m,1375m,300ha,70ha+,22
2016,9,Mt. Buller,46055,83024,1.56,-2.93,0.09,1805m,1375m,300ha,70ha+,22
2016,10,Mt. Buller,44706,83024,2.47,-1.86,2.14,1805m,1375m,300ha,70ha+,22
2016,11,Mt. Buller,38065,83024,1.73,-1.89,0.71,1805m,1375m,300ha,70ha+,22
2016,12,Mt. Buller,34449,83024,1.89,-2.67,0.34,1805m,1375m,300ha,70ha+,22
2016,13,Mt. Buller,21929,83024,6.51,-0.13,2.26,1805m,1375m,300ha,70ha+,22
2016,14,Mt. Buller,13075,83024,4.64,1.11,2.14,1805m,1375m,300ha,70ha+,22
2016,15,Mt. Buller,7411,83024,3,-2.07,3.17,1805m,1375m,300ha,70ha+,22
2017,1,Mt. Buller,18142,83024,7.01,0.43,0,1805m,1375m,300ha,70ha+,22
2017,2,Mt. Buller,9023,83024,6.34,0.7,0,1805m,1375m,300ha,70ha+,22
2017,3,Mt. Buller,13836,83024,-0.53,-3.24,1.49,1805m,1375m,300ha,70ha+,22
2017,4,Mt. Buller,26972,83024,1.23,-2.99,2.23,1805m,1375m,300ha,70ha+,22
2017,5,Mt. Buller,50070,83024,-0.47,-3.11,4.2,1805m,1375m,300ha,70ha+,22
2017,6,Mt. Buller,57787,83024,-0.81,-3.9,4.26,1805m,1375m,300ha,70ha+,22
2017,7,Mt. Buller,40050,83024,0.76,-3.14,3.83,1805m,1375m,300ha,70ha+,22
2017,8,Mt. Buller,37535,83024,2.53,-2.04,2.4,1805m,1375m,300ha,70ha+,22
2017,9,Mt. Buller,39778,83024,0.54,-2.49,3.89,1805m,1375m,300ha,70ha+,22
2017,10,Mt. Buller,48862,83024,2.14,-0.6,3.34,1805m,1375m,300ha,70ha+,22
2017,11,Mt. Buller,45833,83024,-0.97,-4.63,2.09,1805m,1375m,300ha,70ha+,22
2017,12,Mt. Buller,44047,83024,0.64,-5.6,1.34,1805m,1375m,300ha,70ha+,22
2017,13,Mt. Buller,32214,83024,1.36,-3.01,2.94,1805m,1375m,300ha,70ha+,22
2017,14,Mt. Buller,32542,83024,2.13,-2.63,3.89,1805m,1375m,300ha,70ha+,22
2017,15,Mt. Buller,24402,83024,4.83,-2.81,0.89,1805m,1375m,300ha,70ha+,22
2018,1,Mt. Buller,13279,83024,2.06,-1.17,0.89,1805m,1375m,300ha,70ha+,22
2018,2,Mt. Buller,11039,83024,-0.13,-3.44,3.83,1805m,1375m,300ha,70ha+,22
2018,3,Mt. Buller,19293,83024,2.29,-2.49,0.31,1805m,1375m,300ha,70ha+,22
2018,4,Mt. Buller,27761,83024,2.04,-1.9,2.09,1805m,1375m,300ha,70ha+,22
2018,5,Mt. Buller,54337,83024,0.84,-3.83,1.66,1805m,1375m,300ha,70ha+,22
2018,6,Mt. Buller,66326,83024,0.26,-4.1,2.97,1805m,1375m,300ha,70ha+,22
2018,7,Mt. Buller,46230,83024,-0.01,-3.5,3.06,1805m,1375m,300ha,70ha+,22
2018,8,Mt. Buller,39057,83024,1.21,-2.66,3.31,1805m,1375m,300ha,70ha+,22
2018,9,Mt. Buller,45601,83024,0.7,-3.44,5.14,1805m,1375m,300ha,70ha+,22
2018,10,Mt. Buller,43886,83024,-0.16,-3.14,2.43,1805m,1375m,300ha,70ha+,22
2018,11,Mt. Buller,46782,83024,-1.19,-4.63,4.54,1805m,1375m,300ha,70ha+,22
2018,12,Mt. Buller,46140,83024,1.77,-4.84,0.49,1805m,1375m,300ha,70ha+,22
2018,13,Mt. Buller,34877,83024,2.47,-2.7,3.83,1805m,1375m,300ha,70ha+,22
2018,14,Mt. Buller,31144,83024,6.21,-0.26,1.06,1805m,1375m,300ha,70ha+,22
2018,15,Mt. Buller,20104,83024,1.81,-3.44,2.6,1805m,1375m,300ha,70ha+,22
2019,1,Mt. Buller,22375,83024,4.03,0.57,1.46,1805m,1375m,300ha,70ha+,22
2019,2,Mt. Buller,10904,83024,0.44,-3.69,3.06,1805m,1375m,300ha,70ha+,22
2019,3,Mt. Buller,13018,83024,4.74,-0.73,1.97,1805m,1375m,300ha,70ha+,22
2019,4,Mt. Buller,29400,83024,2.74,-1.66,1.11,1805m,1375m,300ha,70ha+,22
2019,5,Mt. Buller,46986,83024,0.71,-1.83,3.6,1805m,1375m,300ha,70ha+,22
2019,6,Mt. Buller,49957,83024,0.84,-3.47,2.8,1805m,1375m,300ha,70ha+,22
2019,7,Mt. Buller,42583,83024,2.09,-2.29,2.4,1805m,1375m,300ha,70ha+,22
2019,8,Mt. Buller,41415,83024,4.27,-1.23,1.34,1805m,1375m,300ha,70ha+,22
2019,9,Mt. Buller,40425,83024,0.14,-3.59,2.6,1805m,1375m,300ha,70ha+,22
2019,10,Mt. Buller,41156,83024,0.87,-4.1,3.29,1805m,1375m,300ha,70ha+,22
2019,11,Mt. Buller,48415,83024,3,-3.71,1.17,1805m,1375m,300ha,70ha+,22
2019,12,Mt. Buller,44315,83024,2.86,-4.06,2.4,1805m,1375m,300ha,70ha+,22
2019,13,Mt. Buller,34454,83024,4.7,-0.3,3.97,1805m,1375m,300ha,70ha+,22
2019,14,Mt. Buller,30775,83024,4.2,-2.61,2.51,1805m,1375m,300ha,70ha+,22
2019,15,Mt. Buller,22540,83024,6.06,-0.64,0.51,1805m,1375m,300ha,70ha+,22
2020,1,Mt. Buller,2665,83024,4.4,-0.56,0.11,1805m,1375m,300ha,70ha+,22
2020,2,Mt. Buller,2843,83024,2.41,-0.14,3.94,1805m,1375m,300ha,70ha+,22
2020,3,Mt. Buller,3537,83024,2.26,-2.29,1.2,1805m,1375m,300ha,70ha+,22
2020,4,Mt. Buller,9988,83024,1.26,-2.31,2.66,1805m,1375m,300ha,70ha+,22
2020,5,Mt. Buller,3537,83024,2.27,-0.7,2.46,1805m,1375m,300ha,70ha+,22
2020,6,Mt. Buller,15619,83024,3.83,-2.19,0.71,1805m,1375m,300ha,70ha+,22
2020,7,Mt. Buller,6805,83024,5,0.07,0.54,1805m,1375m,300ha,70ha+,22
2020,8,Mt. Buller,7366,83024,5.81,-0.53,0.14,1805m,1375m,300ha,70ha+,22
2020,9,Mt. Buller,7312,83024,0.8,-4.34,2.46,1805m,1375m,300ha,70ha+,22
2020,10,Mt. Buller,3812,83024,3.23,-0.17,2.63,1805m,1375m,300ha,70ha+,22
2020,11,Mt. Buller,0,83024,-1.06,-3.69,4.46,1805m,1375m,300ha,70ha+,22
2020,12,Mt. Buller,0,83024,2.5,-3.29,3.57,1805m,1375m,300ha,70ha+,22
2020,13,Mt. Buller,0,83024,4.97,-1.1,0.71,1805m,1375m,300ha,70ha+,22
2020,14,Mt. Buller,0,83024,8.94,1.7,1.46,1805m,1375m,300ha,70ha+,22
2020,15,Mt. Buller,0,83024,9.67,1.16,0.54,1805m,1375m,300ha,70ha+,22
2021,1,Mt. Buller,2198,83024,2.79,-1.5,1.63,1805m,1375m,300ha,70ha+,22
2021,2,Mt. Buller,5269,83024,2.63,-1.8,2.09,1805m,1375m,300ha,70ha+,22
2021,3,Mt. Buller,17995,83024,2.8,-1.04,2.54,1805m,1375m,300ha,70ha+,22
2021,4,Mt. Buller,39561,83024,0.53,-2.63,3.11,1805m,1375m,300ha,70ha+,22
2021,5,Mt. Buller,53339,83024,2.13,-2.24,1.57,1805m,1375m,300ha,70ha+,22
2021,6,Mt. Buller,26598,83024,0.39,-2.7,1.23,1805m,1375m,300ha,70ha+,22
2021,7,Mt. Buller,7908,83024,-0.36,-3.97,0.14,1805m,1375m,300ha,70ha+,22
2021,8,Mt. Buller,31619,83024,0.4,-2.9,1,1805m,1375m,300ha,70ha+,22
2021,9,Mt. Buller,25906,83024,1.27,-2.26,1.06,1805m,1375m,300ha,70ha+,22
2021,10,Mt. Buller,16707,83024,1.86,-1.59,2.6,1805m,1375m,300ha,70ha+,22
2021,11,Mt. Buller,15200,83024,2.76,-1.04,2.63,1805m,1375m,300ha,70ha+,22
2021,12,Mt. Buller,5401,83024,1.4,-2.77,2.37,1805m,1375m,300ha,70ha+,22
2021,13,Mt. Buller,3732,83024,6.06,-1.04,0,1805m,1375m,300ha,70ha+,22
2021,14,Mt. Buller,176,83024,6.47,-0.54,0,1805m,1375m,300ha,70ha+,22
2021,15,Mt. Buller,5975,83024,3.61,-1.93,0,1805m,1375m,300ha,70ha+,22
2022,1,Mt. Buller,27665,83024,0.03,-3.2,1.29,1805m,1375m,300ha,70ha+,22
2022,2,Mt. Buller,33328,83024,2.34,-1.06,2.57,1805m,1375m,300ha,70ha+,22
2022,3,Mt. Buller,36352,83024,2.21,-1.97,2.83,1805m,1375m,300ha,70ha+,22
2022,4,Mt. Buller,58192,83024,6.24,-0.24,0,1805m,1375m,300ha,70ha+,22
2022,5,Mt. Buller,65372,83024,0.14,-2.87,2.11,1805m,1375m,300ha,70ha+,22
2022,6,Mt. Buller,49092,83024,0.07,-5.23,3.03,1805m,1375m,300ha,70ha+,22
2022,7,Mt. Buller,49631,83024,2.9,-0.5,3.71,1805m,1375m,300ha,70ha+,22
2022,8,Mt. Buller,50634,83024,1.01,-2.99,1.46,1805m,1375m,300ha,70ha+,22
2022,9,Mt. Buller,40367,83024,1.14,-1.73,5.09,1805m,1375m,300ha,70ha+,22
2022,10,Mt. Buller,44242,83024,2.37,-1.87,2.29,1805m,1375m,300ha,70ha+,22
2022,11,Mt. Buller,43874,83024,0.43,-3.24,3.63,1805m,1375m,300ha,70ha+,22
2022,12,Mt. Buller,44775,83024,5.69,-0.4,1.77,1805m,1375m,300ha,70ha+,22
2022,13,Mt. Buller,30766,83024,3.13,-1.81,1.6,1805m,1375m,300ha,70ha+,22
2022,14,Mt. Buller,21896,83024,1.97,-1.73,4.71,1805m,1375m,300ha,70ha+,22
2022,15,Mt. Buller,19427,83024,2.9,-1.39,3.29,1805m,1375m,300ha,70ha+,22
2023,1,Mt. Buller,10172,83024,1.19,-1.51,1.26,1805m,1375m,300ha,70ha+,22
2023,2,Mt. Buller,12397,83024,-0.34,-3.2,0.43,1805m,1375m,300ha,70ha+,22
2023,3,Mt. Buller,23839,83024,-0.2,-2.59,1.37,1805m,1375m,300ha,70ha+,22
2023,4,Mt. Buller,49596,83024,2.97,-0.9,1.89,1805m,1375m,300ha,70ha+,22
2023,5,Mt. Buller,58139,83024,1.59,-1.44,0.26,1805m,1375m,300ha,70ha+,22
2023,6,Mt. Buller,51039,83024,3.83,-1.57,0.29,1805m,1375m,300ha,70ha+,22
2023,7,Mt. Buller,46314,83024,3.84,-1.63,1.94,1805m,1375m,300ha,70ha+,22
2023,8,Mt. Buller,46474,83024,3.87,0.26,4.23,1805m,1375m,300ha,70ha+,22
2023,9,Mt. Buller,40587,83024,4.86,-0.23,0.34,1805m,1375m,300ha,70ha+,22
2023,10,Mt. Buller,37635,83024,2.1,-2.9,3.57,1805m,1375m,300ha,70ha+,22
2023,11,Mt. Buller,36754,83024,4.7,-0.94,2.66,1805m,1375m,300ha,70ha+,22
2023,12,Mt. Buller,33923,83024,6.57,0.81,1.44,1805m,1375m,300ha,70ha+,22
2023,13,Mt. Buller,18840,83024,7.24,-0.79,3.74,1805m,1375m,300ha,70ha+,22
2023,14,Mt. Buller,9166,83024,4.29,-1.73,0.11,1805m,1375m,300ha,70ha+,22
2023,15,Mt. Buller,6355,83024,4,0.49,0.57,1805m,1375m,300ha,70ha+,22
2024,1,Mt. Buller,5726,83024,3.66,-2.4,3.23,1805m,1375m,300ha,70ha+,22
2024,2,Mt. Buller,8215,83024,2.33,-3.34,0.37,1805m,1375m,300ha,70ha+,22
2024,3,Mt. Buller,11786,83024,1.5,-1.97,1.51,1805m,1375m,300ha,70ha+,22
2024,4,Mt. Buller,24083,83024,2.76,-2.74,2.6,1805m,1375m,300ha,70ha+,22
2024,5,Mt. Buller,50827,83024,2.23,-1.11,3.31,1805m,1375m,300ha,70ha+,22
2024,6,Mt. Buller,53357,83024,-0.4,-3.89,0.77,1805m,1375m,300ha,70ha+,22
2024,7,Mt. Buller,45399,83024,1.49,-2.06,3.09,1805m,1375m,300ha,70ha+,22
2024,8,Mt. Buller,49676,83024,1.83,-3.79,2.49,1805m,1375m,300ha,70ha+,22
2024,9,Mt. Buller,49587,83024,2.03,-1.7,1.17,1805m,1375m,300ha,70ha+,22
2024,10,Mt. Buller,50031,83024,6.13,2.27,1.74,1805m,1375m,300ha,70ha+,22
2024,11,Mt. Buller,43387,83024,4.89,0.83,4.2,1805m,1375m,300ha,70ha+,22
2024,12,Mt. Buller,36668,83024,4.26,0.16,3.29,1805m,1375m,300ha,70ha+,22
2024,13,Mt. Buller,15415,83024,6.1,-0.67,3.77,1805m,1375m,300ha,70ha+,22
2024,14,Mt. Buller,0,83024,5.73,-0.57,1.63,1805m,1375m,300ha,70ha+,22
2024,15,Mt. Buller,0,83024,2.07,-3.19,2.23,1805m,1375m,300ha,70ha+,22
2014,1,Selwyn,1041,72161,6.83,1.57,1.86,1614m,1492m,45ha,36ha,11
2014,2,Selwyn,383,72161,6.71,1.53,2.06,1614m,1492m,45ha,36ha,11
2014,3,Selwyn,597,72161,1.67,-0.86,2.17,1614m,1492m,45ha,36ha,11
2014,4,Selwyn,2877,72161,3.14,-0.76,1.2,1614m,1492m,45ha,36ha,11
2014,5,Selwyn,8588,72161,1.27,-2.26,4.26,1614m,1492m,45ha,36ha,11
2014,6,Selwyn,10682,72161,2.79,-1.61,4.4,1614m,1492m,45ha,36ha,11
2014,7,Selwyn,8180,72161,5.53,0.89,0.71,1614m,1492m,45ha,36ha,11
2014,8,Selwyn,7267,72161,3.37,-1.03,2.11,1614m,1492m,45ha,36ha,11
2014,9,Selwyn,8708,72161,4.71,-0.84,0,1614m,1492m,45ha,36ha,11
2014,10,Selwyn,9133,72161,5.84,-2.29,0.29,1614m,1492m,45ha,36ha,11
2014,11,Selwyn,8968,72161,8.61,1.1,0.86,1614m,1492m,45ha,36ha,11
2014,12,Selwyn,8404,72161,9.06,0.96,0.17,1614m,1492m,45ha,36ha,11
2014,13,Selwyn,6975,72161,8.4,-0.31,0.91,1614m,1492m,45ha,36ha,11
2014,14,Selwyn,4628,72161,8.89,2.27,0.06,1614m,1492m,45ha,36ha,11
2014,15,Selwyn,2566,72161,8.44,1.11,1.37,1614m,1492m,45ha,36ha,11
2015,1,Selwyn,2238,72161,9.03,1.1,0.26,1614m,1492m,45ha,36ha,11
2015,2,Selwyn,1001,72161,5.5,-0.43,3.54,1614m,1492m,45ha,36ha,11
2015,3,Selwyn,1331,72161,8.26,2.23,0.49,1614m,1492m,45ha,36ha,11
2015,4,Selwyn,3211,72161,2.79,-3.36,1.03,1614m,1492m,45ha,36ha,11
2015,5,Selwyn,6658,72161,3.53,-1.53,2.06,1614m,1492m,45ha,36ha,11
2015,6,Selwyn,8112,72161,1.86,-2.36,0.34,1614m,1492m,45ha,36ha,11
2015,7,Selwyn,7373,72161,2.36,-0.07,4.69,1614m,1492m,45ha,36ha,11
2015,8,Selwyn,6601,72161,3.2,-1,0.2,1614m,1492m,45ha,36ha,11
2015,9,Selwyn,7983,72161,1.47,-3.07,0.43,1614m,1492m,45ha,36ha,11
2015,10,Selwyn,9023,72161,2.86,-0.89,1.37,1614m,1492m,45ha,36ha,11
2015,11,Selwyn,9492,72161,7.06,0.64,3.94,1614m,1492m,45ha,36ha,11
2015,12,Selwyn,8436,72161,5.03,-0.43,3.03,1614m,1492m,45ha,36ha,11
2015,13,Selwyn,7256,72161,6.97,-0.13,0.66,1614m,1492m,45ha,36ha,11
2015,14,Selwyn,6011,72161,7.3,-0.19,2.23,1614m,1492m,45ha,36ha,11
2015,15,Selwyn,3722,72161,9.29,0.77,0.49,1614m,1492m,45ha,36ha,11
2016,1,Selwyn,1329,72161,6.36,0.83,1.29,1614m,1492m,45ha,36ha,11
2016,2,Selwyn,764,72161,5.74,2.44,3.86,1614m,1492m,45ha,36ha,11
2016,3,Selwyn,2903,72161,1.44,-2.7,1.31,1614m,1492m,45ha,36ha,11
2016,4,Selwyn,6868,72161,2.76,-1.53,2.94,1614m,1492m,45ha,36ha,11
2016,5,Selwyn,9151,72161,3.17,0.23,1.6,1614m,1492m,45ha,36ha,11
2016,6,Selwyn,8336,72161,7.69,0.8,0.09,1614m,1492m,45ha,36ha,11
2016,7,Selwyn,6817,72161,2.4,-1,2.77,1614m,1492m,45ha,36ha,11
2016,8,Selwyn,7706,72161,2.24,-1.11,1.31,1614m,1492m,45ha,36ha,11
2016,9,Selwyn,8763,72161,4.86,-0.3,1.2,1614m,1492m,45ha,36ha,11
2016,10,Selwyn,8848,72161,5.87,-0.01,0.34,1614m,1492m,45ha,36ha,11
2016,11,Selwyn,8235,72161,4.37,0.03,1.11,1614m,1492m,45ha,36ha,11
2016,12,Selwyn,7678,72161,5.9,-1.19,1.69,1614m,1492m,45ha,36ha,11
2016,13,Selwyn,5307,72161,6.91,0.63,1.46,1614m,1492m,45ha,36ha,11
2016,14,Selwyn,3453,72161,7.87,1.04,0.97,1614m,1492m,45ha,36ha,11
2016,15,Selwyn,2599,72161,6.06,0.69,3.2,1614m,1492m,45ha,36ha,11
2017,1,Selwyn,2569,72161,8.83,2.59,0,1614m,1492m,45ha,36ha,11
2017,2,Selwyn,1236,72161,9.21,2.93,0,1614m,1492m,45ha,36ha,11
2017,3,Selwyn,2180,72161,3.21,-0.79,0.2,1614m,1492m,45ha,36ha,11
2017,4,Selwyn,4933,72161,3.99,-1.09,0.71,1614m,1492m,45ha,36ha,11
2017,5,Selwyn,8953,72161,2.19,-1.66,3.23,1614m,1492m,45ha,36ha,11
2017,6,Selwyn,10860,72161,1.67,-1.43,2.91,1614m,1492m,45ha,36ha,11
2017,7,Selwyn,7768,72161,3.4,-1.24,3.49,1614m,1492m,45ha,36ha,11
2017,8,Selwyn,7398,72161,5.06,-0.63,3.86,1614m,1492m,45ha,36ha,11
2017,9,Selwyn,8341,72161,1.97,-1.41,2.71,1614m,1492m,45ha,36ha,11
2017,10,Selwyn,10099,72161,4.64,1.2,1.03,1614m,1492m,45ha,36ha,11
2017,11,Selwyn,10008,72161,3.29,-2.36,0.69,1614m,1492m,45ha,36ha,11
2017,12,Selwyn,9105,72161,4,-2.96,1.17,1614m,1492m,45ha,36ha,11
2017,13,Selwyn,7230,72161,3.64,-1.03,2.03,1614m,1492m,45ha,36ha,11
2017,14,Selwyn,6867,72161,5.96,-0.64,1.6,1614m,1492m,45ha,36ha,11
2017,15,Selwyn,4847,72161,7.5,-0.33,1.37,1614m,1492m,45ha,36ha,11
2018,1,Selwyn,2060,72161,3.77,0.7,1.89,1614m,1492m,45ha,36ha,11
2018,2,Selwyn,1591,72161,3.23,-1.2,1.17,1614m,1492m,45ha,36ha,11
2018,3,Selwyn,3095,72161,5.34,-0.31,1.14,1614m,1492m,45ha,36ha,11
2018,4,Selwyn,5357,72161,5.46,0.41,0.77,1614m,1492m,45ha,36ha,11
2018,5,Selwyn,10213,72161,2.19,-2.29,0.2,1614m,1492m,45ha,36ha,11
2018,6,Selwyn,12863,72161,2.67,-2.93,1.63,1614m,1492m,45ha,36ha,11
2018,7,Selwyn,8428,72161,2.16,-1.99,1.31,1614m,1492m,45ha,36ha,11
2018,8,Selwyn,7857,72161,4.24,-0.11,2.6,1614m,1492m,45ha,36ha,11
2018,9,Selwyn,9032,72161,3.06,-1.51,1.86,1614m,1492m,45ha,36ha,11
2018,10,Selwyn,9444,72161,2.44,-0.9,1.77,1614m,1492m,45ha,36ha,11
2018,11,Selwyn,9592,72161,1.71,-2.6,1.2,1614m,1492m,45ha,36ha,11
2018,12,Selwyn,9764,72161,5.37,-1.04,0.26,1614m,1492m,45ha,36ha,11
2018,13,Selwyn,7557,72161,6.4,0.04,0.2,1614m,1492m,45ha,36ha,11
2018,14,Selwyn,6454,72161,9.37,1.3,0,1614m,1492m,45ha,36ha,11
2018,15,Selwyn,4262,72161,7.7,-1.29,0.71,1614m,1492m,45ha,36ha,11
2019,1,Selwyn,3472,72161,6.83,3.14,1.26,1614m,1492m,45ha,36ha,11
2019,2,Selwyn,1831,72161,4.39,-1.77,0.34,1614m,1492m,45ha,36ha,11
2019,3,Selwyn,2534,72161,7.64,0.73,0,1614m,1492m,45ha,36ha,11
2019,4,Selwyn,4763,72161,7.06,0.01,0.06,1614m,1492m,45ha,36ha,11
2019,5,Selwyn,9019,72161,2.64,-0.03,2.83,1614m,1492m,45ha,36ha,11
2019,6,Selwyn,9962,72161,2.69,-2.04,1.63,1614m,1492m,45ha,36ha,11
2019,7,Selwyn,8267,72161,6.03,0.23,1.34,1614m,1492m,45ha,36ha,11
2019,8,Selwyn,8107,72161,6.29,0.29,1.31,1614m,1492m,45ha,36ha,11
2019,9,Selwyn,8547,72161,3.01,-2.56,0.77,1614m,1492m,45ha,36ha,11
2019,10,Selwyn,8538,72161,3.99,-2.06,0.46,1614m,1492m,45ha,36ha,11
2019,11,Selwyn,10785,72161,5.01,-1.49,2.29,1614m,1492m,45ha,36ha,11
2019,12,Selwyn,10147,72161,6.76,-1.04,0.03,1614m,1492m,45ha,36ha,11
2019,13,Selwyn,8432,72161,7.14,1.57,1.2,1614m,1492m,45ha,36ha,11
2019,14,Selwyn,7077,72161,6.97,-0.74,2,1614m,1492m,45ha,36ha,11
2019,15,Selwyn,5189,72161,7.21,-0.4,0.14,1614m,1492m,45ha,36ha,11
2020,1,Selwyn,430,72161,6.53,2.56,1.69,1614m,1492m,45ha,36ha,11
2020,2,Selwyn,311,72161,4.86,1.67,2.14,1614m,1492m,45ha,36ha,11
2020,3,Selwyn,334,72161,4.61,-0.27,0.97,1614m,1492m,45ha,36ha,11
2020,4,Selwyn,969,72161,3.99,-0.74,2.57,1614m,1492m,45ha,36ha,11
2020,5,Selwyn,1185,72161,5.44,1.26,0.6,1614m,1492m,45ha,36ha,11
2020,6,Selwyn,1978,72161,5,-0.39,1.77,1614m,1492m,45ha,36ha,11
2020,7,Selwyn,1087,72161,7.14,1.37,1,1614m,1492m,45ha,36ha,11
2020,8,Selwyn,720,72161,7.37,1.84,0.31,1614m,1492m,45ha,36ha,11
2020,9,Selwyn,733,72161,3.96,-1.84,3.63,1614m,1492m,45ha,36ha,11
2020,10,Selwyn,445,72161,5.86,1.69,1.91,1614m,1492m,45ha,36ha,11
2020,11,Selwyn,0,72161,5.94,0.5,4.56,1614m,1492m,45ha,36ha,11
2020,12,Selwyn,0,72161,9.54,2.63,3.29,1614m,1492m,45ha,36ha,11
2020,13,Selwyn,0,72161,8.18,3.72,1.95,1614m,1492m,45ha,36ha,11
2020,14,Selwyn,0,72161,8.91,1.19,2.43,1614m,1492m,45ha,36ha,11
2020,15,Selwyn,0,72161,8.19,0,3.26,1614m,1492m,45ha,36ha,11
2021,1,Selwyn,830,72161,3.74,-0.29,2.43,1614m,1492m,45ha,36ha,11
2021,2,Selwyn,1541,72161,4.63,-0.36,2.51,1614m,1492m,45ha,36ha,11
2021,3,Selwyn,3315,72161,4.76,0.79,1.14,1614m,1492m,45ha,36ha,11
2021,4,Selwyn,6070,72161,3.74,-0.36,3.26,1614m,1492m,45ha,36ha,11
2021,5,Selwyn,8018,72161,5.86,-0.03,1.26,1614m,1492m,45ha,36ha,11
2021,6,Selwyn,3099,72161,1.54,-1.13,3.69,1614m,1492m,45ha,36ha,11
2021,7,Selwyn,1186,72161,1.91,-2.64,5.23,1614m,1492m,45ha,36ha,11
2021,8,Selwyn,4115,72161,3.31,-0.57,3.06,1614m,1492m,45ha,36ha,11
2021,9,Selwyn,3478,72161,3.64,-0.37,1.49,1614m,1492m,45ha,36ha,11
2021,10,Selwyn,2706,72161,4.81,-0.24,0.34,1614m,1492m,45ha,36ha,11
2021,11,Selwyn,2680,72161,7.44,1.73,1.94,1614m,1492m,45ha,36ha,11
2021,12,Selwyn,1102,72161,5.6,-0.61,3.46,1614m,1492m,45ha,36ha,11
2021,13,Selwyn,806,72161,6.23,-0.71,1.6,1614m,1492m,45ha,36ha,11
2021,14,Selwyn,742,72161,6.93,0.73,1.14,1614m,1492m,45ha,36ha,11
2021,15,Selwyn,1282,72161,6.4,0.63,2.03,1614m,1492m,45ha,36ha,11
2022,1,Selwyn,5144,72161,2.47,-2.17,4.57,1614m,1492m,45ha,36ha,11
2022,2,Selwyn,5403,72161,5.06,0.07,3.6,1614m,1492m,45ha,36ha,11
2022,3,Selwyn,5887,72161,3.69,0.1,2,1614m,1492m,45ha,36ha,11
2022,4,Selwyn,9683,72161,3.43,-0.61,0.49,1614m,1492m,45ha,36ha,11
2022,5,Selwyn,10791,72161,3.03,-1.41,1.4,1614m,1492m,45ha,36ha,11
2022,6,Selwyn,9436,72161,2.7,-2.64,2.14,1614m,1492m,45ha,36ha,11
2022,7,Selwyn,9266,72161,5.76,0.67,0.57,1614m,1492m,45ha,36ha,11
2022,8,Selwyn,9018,72161,4.07,-1.33,3.43,1614m,1492m,45ha,36ha,11
2022,9,Selwyn,8602,72161,4.91,0.23,4.69,1614m,1492m,45ha,36ha,11
2022,10,Selwyn,9356,72161,3.9,0,4.17,1614m,1492m,45ha,36ha,11
2022,11,Selwyn,9146,72161,3.39,-0.86,4.66,1614m,1492m,45ha,36ha,11
2022,12,Selwyn,9077,72161,8.06,1.36,2.29,1614m,1492m,45ha,36ha,11
2022,13,Selwyn,6969,72161,8.04,-0.41,0,1614m,1492m,45ha,36ha,11
2022,14,Selwyn,5298,72161,6.24,0.69,3.23,1614m,1492m,45ha,36ha,11
2022,15,Selwyn,4557,72161,6.83,-0.1,1.91,1614m,1492m,45ha,36ha,11
2023,1,Selwyn,1591,72161,4.21,0.39,1.6,1614m,1492m,45ha,36ha,11
2023,2,Selwyn,1932,72161,3.5,-1.07,2.17,1614m,1492m,45ha,36ha,11
2023,3,Selwyn,4120,72161,1.11,-0.96,6.29,1614m,1492m,45ha,36ha,11
2023,4,Selwyn,8400,72161,5.39,0.81,2.14,1614m,1492m,45ha,36ha,11
2023,5,Selwyn,9149,72161,3.71,-0.04,3.46,1614m,1492m,45ha,36ha,11
2023,6,Selwyn,8950,72161,6.64,0.67,0.14,1614m,1492m,45ha,36ha,11
2023,7,Selwyn,8106,72161,7.2,0.34,0.74,1614m,1492m,45ha,36ha,11
2023,8,Selwyn,7770,72161,7.73,2.49,0.83,1614m,1492m,45ha,36ha,11
2023,9,Selwyn,7424,72161,8.03,0.96,0.46,1614m,1492m,45ha,36ha,11
2023,10,Selwyn,7666,72161,6.3,-0.67,1.89,1614m,1492m,45ha,36ha,11
2023,11,Selwyn,7581,72161,6.74,0.44,3.94,1614m,1492m,45ha,36ha,11
2023,12,Selwyn,6278,72161,9.68,2.96,3.37,1614m,1492m,45ha,36ha,11
2023,13,Selwyn,4244,72161,7.14,1.44,0.4,1614m,1492m,45ha,36ha,11
2023,14,Selwyn,2733,72161,4.24,-0.34,2.91,1614m,1492m,45ha,36ha,11
2023,15,Selwyn,1865,72161,4.77,-1.71,0.57,1614m,1492m,45ha,36ha,11
2024,1,Selwyn,990,72161,4.29,-0.39,0.83,1614m,1492m,45ha,36ha,11
2024,2,Selwyn,1264,72161,5.13,-2,0.43,1614m,1492m,45ha,36ha,11
2024,3,Selwyn,1686,72161,4.86,0.4,0.54,1614m,1492m,45ha,36ha,11
2024,4,Selwyn,3662,72161,4.73,-1.51,0.06,1614m,1492m,45ha,36ha,11
2024,5,Selwyn,8563,72161,6.57,1.04,1.4,1614m,1492m,45ha,36ha,11
2024,6,Selwyn,8932,72161,1.01,-2.3,2.86,1614m,1492m,45ha,36ha,11
2024,7,Selwyn,8530,72161,3.81,-0.19,1.49,1614m,1492m,45ha,36ha,11
2024,8,Selwyn,8160,72161,4.09,-3.07,2.23,1614m,1492m,45ha,36ha,11
2024,9,Selwyn,8533,72161,5.46,0.54,0.06,1614m,1492m,45ha,36ha,11
2024,10,Selwyn,7668,72161,8.3,0.8,0.83,1614m,1492m,45ha,36ha,11
2024,11,Selwyn,6859,72161,8.6,2.63,3.2,1614m,1492m,45ha,36ha,11
2024,12,Selwyn,5969,72161,7.24,0.86,0.66,1614m,1492m,45ha,36ha,11
2024,13,Selwyn,3351,72161,6.14,0.77,2.87,1614m,1492m,45ha,36ha,11
2024,14,Selwyn,1177,72161,8.73,0.97,0.06,1614m,1492m,45ha,36ha,11
2024,15,Selwyn,745,72161,5.99,-0.84,3.31,1614m,1492m,45ha,36ha,11
2014,1,Thredbo,5535,71032,4.71,-2,2.91,2037m,1365m,480ha,70ha,14
2014,2,Thredbo,2090,71032,2.66,-1.69,1.14,2037m,1365m,480ha,70ha,14
2014,3,Thredbo,3216,71032,-1.03,-4.11,0.6,2037m,1365m,480ha,70ha,14
2014,4,Thredbo,15497,71032,-1.31,-4.36,0.07,2037m,1365m,480ha,70ha,14
2014,5,Thredbo,46546,71032,-1.69,-5.19,0.43,2037m,1365m,480ha,70ha,14
2014,6,Thredbo,58668,71032,-1.87,-5.41,0.51,2037m,1365m,480ha,70ha,14
2014,7,Thredbo,44109,71032,1.26,-4.5,0.49,2037m,1365m,480ha,70ha,14
2014,8,Thredbo,39654,71032,-0.83,-4.45,2.09,2037m,1365m,480ha,70ha,14
2014,9,Thredbo,46875,71032,2.2,-4.63,0,2037m,1365m,480ha,70ha,14
2014,10,Thredbo,48777,71032,1.51,-5.84,0.09,2037m,1365m,480ha,70ha,14
2014,11,Thredbo,49003,71032,2.37,-4.26,2.77,2037m,1365m,480ha,70ha,14
2014,12,Thredbo,44164,71032,3.96,-2.96,2.14,2037m,1365m,480ha,70ha,14
2014,13,Thredbo,38470,71032,0.81,-5.46,1.34,2037m,1365m,480ha,70ha,14
2014,14,Thredbo,25734,71032,3.96,-1.4,0.34,2037m,1365m,480ha,70ha,14
2014,15,Thredbo,13890,71032,2.63,-2.8,1.51,2037m,1365m,480ha,70ha,14
2015,1,Thredbo,12039,71032,7.53,-2.13,0.86,2037m,1365m,480ha,70ha,14
2015,2,Thredbo,5540,71032,2.16,-1.8,3.89,2037m,1365m,480ha,70ha,14
2015,3,Thredbo,7069,71032,6.7,-0.96,0.2,2037m,1365m,480ha,70ha,14
2015,4,Thredbo,17634,71032,2.24,-5,0,2037m,1365m,480ha,70ha,14
2015,5,Thredbo,35918,71032,0.27,-5.04,0.63,2037m,1365m,480ha,70ha,14
2015,6,Thredbo,43234,71032,-1.87,-6.47,1.23,2037m,1365m,480ha,70ha,14
2015,7,Thredbo,40967,71032,-0.8,-3.93,1.54,2037m,1365m,480ha,70ha,14
2015,8,Thredbo,36200,71032,-0.41,-4.37,2.07,2037m,1365m,480ha,70ha,14
2015,9,Thredbo,43268,71032,-2.01,-5.64,0.4,2037m,1365m,480ha,70ha,14
2015,10,Thredbo,48525,71032,0.29,-4.74,0.23,2037m,1365m,480ha,70ha,14
2015,11,Thredbo,51900,71032,2.14,-3.23,0.6,2037m,1365m,480ha,70ha,14
2015,12,Thredbo,46015,71032,0.19,-3.99,4.11,2037m,1365m,480ha,70ha,14
2015,13,Thredbo,39850,71032,1.06,-3.99,1.57,2037m,1365m,480ha,70ha,14
2015,14,Thredbo,33284,71032,5.7,-2.31,0.17,2037m,1365m,480ha,70ha,14
2015,15,Thredbo,20568,71032,4.47,-2.1,1.57,2037m,1365m,480ha,70ha,14
2016,1,Thredbo,7167,71032,3.74,-1.44,0.2,2037m,1365m,480ha,70ha,14
2016,2,Thredbo,4083,71032,2.69,-0.5,3.4,2037m,1365m,480ha,70ha,14
2016,3,Thredbo,15501,71032,-2.61,-5.99,0.2,2037m,1365m,480ha,70ha,14
2016,4,Thredbo,36917,71032,1.51,-3.81,0.49,2037m,1365m,480ha,70ha,14
2016,5,Thredbo,48170,71032,-0.41,-2.89,2.51,2037m,1365m,480ha,70ha,14
2016,6,Thredbo,45940,71032,4.41,-2.51,0.06,2037m,1365m,480ha,70ha,14
2016,7,Thredbo,37172,71032,-0.06,-4.13,0.14,2037m,1365m,480ha,70ha,14
2016,8,Thredbo,41911,71032,-0.11,-3.97,1.14,2037m,1365m,480ha,70ha,14
2016,9,Thredbo,47536,71032,1.01,-4.86,0.34,2037m,1365m,480ha,70ha,14
2016,10,Thredbo,47996,71032,2.07,-3.37,0.49,2037m,1365m,480ha,70ha,14
2016,11,Thredbo,43729,71032,0.23,-3.36,2.74,2037m,1365m,480ha,70ha,14
2016,12,Thredbo,41768,71032,0.73,-4.5,0.63,2037m,1365m,480ha,70ha,14
2016,13,Thredbo,28580,71032,5.06,-1.34,2.54,2037m,1365m,480ha,70ha,14
2016,14,Thredbo,18938,71032,4.67,-0.14,1.77,2037m,1365m,480ha,70ha,14
2016,15,Thredbo,13868,71032,1.97,-2.81,4.1,2037m,1365m,480ha,70ha,14
2017,1,Thredbo,14174,71032,5.34,-1.3,0.2,2037m,1365m,480ha,70ha,14
2017,2,Thredbo,6636,71032,6.56,-1.39,0,2037m,1365m,480ha,70ha,14
2017,3,Thredbo,11543,71032,-0.26,-4.73,0.06,2037m,1365m,480ha,70ha,14
2017,4,Thredbo,26374,71032,0.54,-4.93,3.11,2037m,1365m,480ha,70ha,14
2017,5,Thredbo,49289,71032,-2.01,-5.2,0.2,2037m,1365m,480ha,70ha,14
2017,6,Thredbo,58279,71032,-1.44,-4.85,1.89,2037m,1365m,480ha,70ha,14
2017,7,Thredbo,42457,71032,-0.56,-4.71,1.89,2037m,1365m,480ha,70ha,14
2017,8,Thredbo,40744,71032,0.86,-3.53,1.31,2037m,1365m,480ha,70ha,14
2017,9,Thredbo,45216,71032,-0.51,-4.53,0.2,2037m,1365m,480ha,70ha,14
2017,10,Thredbo,55420,71032,0.7,-1.79,1.43,2037m,1365m,480ha,70ha,14
2017,11,Thredbo,53536,71032,-1.84,-6.17,0.71,2037m,1365m,480ha,70ha,14
2017,12,Thredbo,49658,71032,-0.66,-7.57,0.46,2037m,1365m,480ha,70ha,14
2017,13,Thredbo,39634,71032,0.41,-4.57,0,2037m,1365m,480ha,70ha,14
2017,14,Thredbo,37173,71032,1.63,-3.23,0.54,2037m,1365m,480ha,70ha,14
2017,15,Thredbo,26630,71032,3.43,-3.33,1.14,2037m,1365m,480ha,70ha,14
2018,1,Thredbo,11210,71032,0.37,-2.91,3,2037m,1365m,480ha,70ha,14
2018,2,Thredbo,8547,71032,-1.59,-5.79,2.74,2037m,1365m,480ha,70ha,14
2018,3,Thredbo,17226,71032,1.61,-4.37,0.31,2037m,1365m,480ha,70ha,14
2018,4,Thredbo,28601,71032,2.39,-3.41,1.74,2037m,1365m,480ha,70ha,14
2018,5,Thredbo,54351,71032,-0.76,-5.74,1.09,2037m,1365m,480ha,70ha,14
2018,6,Thredbo,70634,71032,-0.71,-5.47,1.94,2037m,1365m,480ha,70ha,14
2018,7,Thredbo,46287,71032,-0.2,-5.61,2.29,2037m,1365m,480ha,70ha,14
2018,8,Thredbo,41879,71032,0.39,-4.33,2.49,2037m,1365m,480ha,70ha,14
2018,9,Thredbo,49315,71032,1.16,-3.4,0.5,2037m,1365m,480ha,70ha,14
2018,10,Thredbo,52085,71032,-0.23,-4.46,2.54,2037m,1365m,480ha,70ha,14
2018,11,Thredbo,53194,71032,-2.3,-6.94,0.26,2037m,1365m,480ha,70ha,14
2018,12,Thredbo,53232,71032,0.89,-4.47,0.06,2037m,1365m,480ha,70ha,14
2018,13,Thredbo,41257,71032,0.89,-4.59,1.63,2037m,1365m,480ha,70ha,14
2018,14,Thredbo,34676,71032,6.29,-1.16,0,2037m,1365m,480ha,70ha,14
2018,15,Thredbo,23050,71032,3.47,-3.54,0.8,2037m,1365m,480ha,70ha,14
2019,1,Thredbo,18741,71032,3.16,0.26,0.4,2037m,1365m,480ha,70ha,14
2019,2,Thredbo,9845,71032,-0.74,-5.69,0.51,2037m,1365m,480ha,70ha,14
2019,3,Thredbo,13374,71032,3.7,-4.44,0.06,2037m,1365m,480ha,70ha,14
2019,4,Thredbo,25851,71032,3.59,-4.07,0.23,2037m,1365m,480ha,70ha,14
2019,5,Thredbo,48275,71032,-0.6,-3.7,2.86,2037m,1365m,480ha,70ha,14
2019,6,Thredbo,55168,71032,-0.77,-5.27,0.97,2037m,1365m,480ha,70ha,14
2019,7,Thredbo,45493,71032,2.26,-2.91,1.51,2037m,1365m,480ha,70ha,14
2019,8,Thredbo,45050,71032,2.6,-4.01,0.54,2037m,1365m,480ha,70ha,14
2019,9,Thredbo,46665,71032,-0.27,-4.17,2.6,2037m,1365m,480ha,70ha,14
2019,10,Thredbo,45330,71032,0.36,-5.61,0.51,2037m,1365m,480ha,70ha,14
2019,11,Thredbo,59101,71032,-0.13,-5,2.26,2037m,1365m,480ha,70ha,14
2019,12,Thredbo,53915,71032,2.13,-6.27,0.43,2037m,1365m,480ha,70ha,14
2019,13,Thredbo,45841,71032,4.1,-1.15,2.09,2037m,1365m,480ha,70ha,14
2019,14,Thredbo,37957,71032,3.37,-3.43,0.97,2037m,1365m,480ha,70ha,14
2019,15,Thredbo,28383,71032,5.19,-0.9,0.66,2037m,1365m,480ha,70ha,14
2020,1,Thredbo,2281,71032,4.09,-2.29,0.49,2037m,1365m,480ha,70ha,14
2020,2,Thredbo,1666,71032,2.6,-1.77,2.63,2037m,1365m,480ha,70ha,14
2020,3,Thredbo,1787,71032,1.1,-5.23,0.14,2037m,1365m,480ha,70ha,14
2020,4,Thredbo,5251,71032,0.41,-4.29,1.23,2037m,1365m,480ha,70ha,14
2020,5,Thredbo,6327,71032,1.57,-2.94,0.26,2037m,1365m,480ha,70ha,14
2020,6,Thredbo,10795,71032,0.06,-5.03,0.34,2037m,1365m,480ha,70ha,14
2020,7,Thredbo,5849,71032,2.64,-2.27,2.2,2037m,1365m,480ha,70ha,14
2020,8,Thredbo,3997,71032,3.37,-2.47,0.43,2037m,1365m,480ha,70ha,14
2020,9,Thredbo,4059,71032,-0.8,-5.31,1.4,2037m,1365m,480ha,70ha,14
2020,10,Thredbo,2366,71032,1.57,-2.4,5.17,2037m,1365m,480ha,70ha,14
2020,11,Thredbo,0,71032,-2.6,-5.16,4,2037m,1365m,480ha,70ha,14
2020,12,Thredbo,0,71032,0.39,-5.23,0.77,2037m,1365m,480ha,70ha,14
2020,13,Thredbo,0,71032,4.81,-2.23,0.11,2037m,1365m,480ha,70ha,14
2020,14,Thredbo,0,71032,6.43,-0.04,2.46,2037m,1365m,480ha,70ha,14
2020,15,Thredbo,0,71032,8.7,2.99,2.63,2037m,1365m,480ha,70ha,14
2021,1,Thredbo,4556,71032,-0.12,-3.12,2.86,2037m,1365m,480ha,70ha,14
2021,2,Thredbo,8255,71032,0,-4.39,1.74,2037m,1365m,480ha,70ha,14
2021,3,Thredbo,18301,71032,1.13,-4.03,0.89,2037m,1365m,480ha,70ha,14
2021,4,Thredbo,32789,71032,-0.04,-3.61,0.97,2037m,1365m,480ha,70ha,14
2021,5,Thredbo,42107,71032,0.59,-4.9,0,2037m,1365m,480ha,70ha,14
2021,6,Thredbo,17062,71032,-1,-3.72,5.69,2037m,1365m,480ha,70ha,14
2021,7,Thredbo,6387,71032,-1.88,-4.66,6.33,2037m,1365m,480ha,70ha,14
2021,8,Thredbo,22563,71032,-2.03,-4.13,4.47,2037m,1365m,480ha,70ha,14
2021,9,Thredbo,19180,71032,1.64,-4.1,0.57,2037m,1365m,480ha,70ha,14
2021,10,Thredbo,14564,71032,2.74,-1.36,1.68,2037m,1365m,480ha,70ha,14
2021,11,Thredbo,14342,71032,1.9,-1.18,3.06,2037m,1365m,480ha,70ha,14
2021,12,Thredbo,5792,71032,0.96,-4.2,1.77,2037m,1365m,480ha,70ha,14
2021,13,Thredbo,4411,71032,4.2,-1.14,1.29,2037m,1365m,480ha,70ha,14
2021,14,Thredbo,3909,71032,3.14,-1.53,0.69,2037m,1365m,480ha,70ha,14
2021,15,Thredbo,6774,71032,2.37,-3.87,2.71,2037m,1365m,480ha,70ha,14
2022,1,Thredbo,28482,71032,-0.69,-4.69,0.14,2037m,1365m,480ha,70ha,14
2022,2,Thredbo,28805,71032,1.7,-3.39,3.89,2037m,1365m,480ha,70ha,14
2022,3,Thredbo,32323,71032,1.51,-3.51,1.4,2037m,1365m,480ha,70ha,14
2022,4,Thredbo,51793,71032,1.43,-4.57,0.37,2037m,1365m,480ha,70ha,14
2022,5,Thredbo,58950,71032,-0.99,-5.37,0.31,2037m,1365m,480ha,70ha,14
2022,6,Thredbo,50846,71032,-1.41,-6.66,1.2,2037m,1365m,480ha,70ha,14
2022,7,Thredbo,50463,71032,1.1,-3.73,0.86,2037m,1365m,480ha,70ha,14
2022,8,Thredbo,48895,71032,0.26,-5.11,0.83,2037m,1365m,480ha,70ha,14
2022,9,Thredbo,46293,71032,0.1,-4.29,1.63,2037m,1365m,480ha,70ha,14
2022,10,Thredbo,49363,71032,-0.07,-3.51,3.54,2037m,1365m,480ha,70ha,14
2022,11,Thredbo,49801,71032,-0.53,-4.51,3.11,2037m,1365m,480ha,70ha,14
2022,12,Thredbo,49543,71032,2.56,-3.4,0.6,2037m,1365m,480ha,70ha,14
2022,13,Thredbo,37838,71032,3.44,-5.36,0.09,2037m,1365m,480ha,70ha,14
2022,14,Thredbo,28277,71032,1.57,-3.27,5.06,2037m,1365m,480ha,70ha,14
2022,15,Thredbo,24771,71032,2.03,-3,3.31,2037m,1365m,480ha,70ha,14
2023,1,Thredbo,8545,71032,0.86,-3.09,1.49,2037m,1365m,480ha,70ha,14
2023,2,Thredbo,10240,71032,-0.91,-4.19,0.77,2037m,1365m,480ha,70ha,14
2023,3,Thredbo,21673,71032,-1.66,-4.57,3.74,2037m,1365m,480ha,70ha,14
2023,4,Thredbo,44587,71032,0.73,-3.51,0.77,2037m,1365m,480ha,70ha,14
2023,5,Thredbo,49756,71032,0.67,-3.01,1.71,2037m,1365m,480ha,70ha,14
2023,6,Thredbo,48555,71032,3.21,-3.36,0.23,2037m,1365m,480ha,70ha,14
2023,7,Thredbo,44316,71032,3.01,-4.11,0.17,2037m,1365m,480ha,70ha,14
2023,8,Thredbo,42124,71032,3.56,-1.07,1.7,2037m,1365m,480ha,70ha,14
2023,9,Thredbo,39758,71032,4.17,-2.11,0.21,2037m,1365m,480ha,70ha,14
2023,10,Thredbo,40626,71032,1.03,-4.57,1.06,2037m,1365m,480ha,70ha,14
2023,11,Thredbo,40364,71032,3.7,-2.2,3.4,2037m,1365m,480ha,70ha,14
2023,12,Thredbo,34371,71032,4.5,-0.2,1.4,2037m,1365m,480ha,70ha,14
2023,13,Thredbo,23161,71032,5.71,-5.38,1.6,2037m,1365m,480ha,70ha,14
2023,14,Thredbo,14628,71032,5.28,-3.82,0.69,2037m,1365m,480ha,70ha,14
2023,15,Thredbo,9901,71032,4.85,-1.9,1.51,2037m,1365m,480ha,70ha,14
2024,1,Thredbo,5493,71032,1.76,-3.27,1,2037m,1365m,480ha,70ha,14
2024,2,Thredbo,6847,71032,-0.7,-6.07,0.17,2037m,1365m,480ha,70ha,14
2024,3,Thredbo,9071,71032,0.37,-3.56,1.94,2037m,1365m,480ha,70ha,14
2024,4,Thredbo,20186,71032,-0.71,-6.5,0.06,2037m,1365m,480ha,70ha,14
2024,5,Thredbo,45827,71032,2.23,-2.47,1.23,2037m,1365m,480ha,70ha,14
2024,6,Thredbo,48866,71032,-1.63,-5.29,2.34,2037m,1365m,480ha,70ha,14
2024,7,Thredbo,46149,71032,0.67,-4.16,0.77,2037m,1365m,480ha,70ha,14
2024,8,Thredbo,43752,71032,-0.06,-7.54,0.66,2037m,1365m,480ha,70ha,14
2024,9,Thredbo,46790,71032,2.34,-4.37,0,2037m,1365m,480ha,70ha,14
2024,10,Thredbo,41927,71032,4.33,-0.84,0.6,2037m,1365m,480ha,70ha,14
2024,11,Thredbo,37608,71032,3.5,-0.7,2.26,2037m,1365m,480ha,70ha,14
2024,12,Thredbo,33208,71032,2.5,-1.17,2.23,2037m,1365m,480ha,70ha,14
2024,13,Thredbo,18120,71032,4.61,-0.7,1.03,2037m,1365m,480ha,70ha,14
2024,14,Thredbo,6270,71032,5.86,-1.24,1.63,2037m,1365m,480ha,70ha,14
2024,15,Thredbo,4103,71032,0.87,-4.26,2.29,2037m,1365m,480ha,70ha,14
2014,1,Perisher,7370,71075,6.33,-1.59,1.6,2034m,1605m,1245ha,53.4ha,47
2014,2,Perisher,2751,71075,5.26,-1.86,1.97,2034m,1605m,1245ha,53.4ha,47
2014,3,Perisher,4255,71075,0.89,-2.46,2,2034m,1605m,1245ha,53.4ha,47
2014,4,Perisher,20265,71075,2.94,-2.46,1.77,2034m,1605m,1245ha,53.4ha,47
2014,5,Perisher,61339,71075,1.19,-3.76,2,2034m,1605m,1245ha,53.4ha,47
2014,6,Perisher,76855,71075,1.79,-4.36,0.17,2034m,1605m,1245ha,53.4ha,47
2014,7,Perisher,57593,71075,5.09,-4.36,0.71,2034m,1605m,1245ha,53.4ha,47
2014,8,Perisher,52426,71075,1.77,-2.09,1.8,2034m,1605m,1245ha,53.4ha,47
2014,9,Perisher,62654,71075,5.2,-4.23,0.37,2034m,1605m,1245ha,53.4ha,47
2014,10,Perisher,64928,71075,4.04,-5.17,1.54,2034m,1605m,1245ha,53.4ha,47
2014,11,Perisher,64834,71075,5.63,-3.26,1.6,2034m,1605m,1245ha,53.4ha,47
2014,12,Perisher,59121,71075,6.53,-3.69,2.4,2034m,1605m,1245ha,53.4ha,47
2014,13,Perisher,50737,71075,4.7,-4.3,2.09,2034m,1605m,1245ha,53.4ha,47
2014,14,Perisher,33833,71075,6.89,-0.64,0.09,2034m,1605m,1245ha,53.4ha,47
2014,15,Perisher,18381,71075,6.06,-2.21,2.74,2034m,1605m,1245ha,53.4ha,47
2015,1,Perisher,15906,71075,8.21,-3.57,0.23,2034m,1605m,1245ha,53.4ha,47
2015,2,Perisher,7363,71075,3.81,-2.27,2.43,2034m,1605m,1245ha,53.4ha,47
2015,3,Perisher,9360,71075,9.01,-3.29,0,2034m,1605m,1245ha,53.4ha,47
2015,4,Perisher,23296,71075,4.64,-6.73,0.97,2034m,1605m,1245ha,53.4ha,47
2015,5,Perisher,47607,71075,2.64,-4.5,2.8,2034m,1605m,1245ha,53.4ha,47
2015,6,Perisher,57282,71075,0.77,-4.97,4.8,2034m,1605m,1245ha,53.4ha,47
2015,7,Perisher,54202,71075,1.26,-2.73,1.74,2034m,1605m,1245ha,53.4ha,47
2015,8,Perisher,48170,71075,1.81,-3.3,1,2034m,1605m,1245ha,53.4ha,47
2015,9,Perisher,57548,71075,1.03,-5.49,2.97,2034m,1605m,1245ha,53.4ha,47
2015,10,Perisher,64346,71075,3.27,-3.09,1.54,2034m,1605m,1245ha,53.4ha,47
2015,11,Perisher,68527,71075,5.59,-1.77,3.31,2034m,1605m,1245ha,53.4ha,47
2015,12,Perisher,60788,71075,3.1,-2.57,2.69,2034m,1605m,1245ha,53.4ha,47
2015,13,Perisher,52337,71075,4.91,-3.63,2.31,2034m,1605m,1245ha,53.4ha,47
2015,14,Perisher,43826,71075,8.44,-1.41,0.83,2034m,1605m,1245ha,53.4ha,47
2015,15,Perisher,27009,71075,6.79,-1.7,1.51,2034m,1605m,1245ha,53.4ha,47
2016,1,Perisher,9419,71075,5.7,-2.83,1.14,2034m,1605m,1245ha,53.4ha,47
2016,2,Perisher,5380,71075,4.14,0.97,2.17,2034m,1605m,1245ha,53.4ha,47
2016,3,Perisher,20567,71075,1.31,-5.6,3.31,2034m,1605m,1245ha,53.4ha,47
2016,4,Perisher,49193,71075,3.99,-2.44,0.17,2034m,1605m,1245ha,53.4ha,47
2016,5,Perisher,64386,71075,1.71,-1.4,1.23,2034m,1605m,1245ha,53.4ha,47
2016,6,Perisher,61295,71075,6.83,-1.94,1.26,2034m,1605m,1245ha,53.4ha,47
2016,7,Perisher,48984,71075,1.53,-2.86,1.37,2034m,1605m,1245ha,53.4ha,47
2016,8,Perisher,55233,71075,2.13,-3.04,1.43,2034m,1605m,1245ha,53.4ha,47
2016,9,Perisher,63067,71075,3.24,-4.6,0.57,2034m,1605m,1245ha,53.4ha,47
2016,10,Perisher,62748,71075,4.77,-2.71,1.06,2034m,1605m,1245ha,53.4ha,47
2016,11,Perisher,57827,71075,3,-2.06,3.89,2034m,1605m,1245ha,53.4ha,47
2016,12,Perisher,54481,71075,4.44,-4,0.89,2034m,1605m,1245ha,53.4ha,47
2016,13,Perisher,37561,71075,8.4,-0.5,0.2,2034m,1605m,1245ha,53.4ha,47
2016,14,Perisher,24737,71075,7.77,0.79,0.49,2034m,1605m,1245ha,53.4ha,47
2016,15,Perisher,18080,71075,4.69,-1.07,1.09,2034m,1605m,1245ha,53.4ha,47
2017,1,Perisher,18739,71075,7.87,-2.57,0.11,2034m,1605m,1245ha,53.4ha,47
2017,2,Perisher,8792,71075,8.27,-4.23,0,2034m,1605m,1245ha,53.4ha,47
2017,3,Perisher,15236,71075,2.86,-4.9,0.23,2034m,1605m,1245ha,53.4ha,47
2017,4,Perisher,34802,71075,2.81,-4.91,1.06,2034m,1605m,1245ha,53.4ha,47
2017,5,Perisher,64376,71075,0.76,-3.1,0.83,2034m,1605m,1245ha,53.4ha,47
2017,6,Perisher,76620,71075,1.5,-2.8,5.09,2034m,1605m,1245ha,53.4ha,47
2017,7,Perisher,56369,71075,2.06,-4.23,2.97,2034m,1605m,1245ha,53.4ha,47
2017,8,Perisher,53570,71075,3.84,-3.56,3.34,2034m,1605m,1245ha,53.4ha,47
2017,9,Perisher,60063,71075,1.76,-2.74,3.27,2034m,1605m,1245ha,53.4ha,47
2017,10,Perisher,72515,71075,2.57,-0.13,1.37,2034m,1605m,1245ha,53.4ha,47
2017,11,Perisher,70718,71075,0.79,-4.93,0.57,2034m,1605m,1245ha,53.4ha,47
2017,12,Perisher,65364,71075,2.6,-4.69,1.06,2034m,1605m,1245ha,53.4ha,47
2017,13,Perisher,52565,71075,2.93,-3.99,2.17,2034m,1605m,1245ha,53.4ha,47
2017,14,Perisher,48963,71075,5.07,-1.07,2.69,2034m,1605m,1245ha,53.4ha,47
2017,15,Perisher,34698,71075,6.53,-2.33,2.11,2034m,1605m,1245ha,53.4ha,47
2018,1,Perisher,14866,71075,2.97,-2.23,0.94,2034m,1605m,1245ha,53.4ha,47
2018,2,Perisher,11276,71075,1.77,-5.24,2.43,2034m,1605m,1245ha,53.4ha,47
2018,3,Perisher,22795,71075,4.79,-4.91,1.03,2034m,1605m,1245ha,53.4ha,47
2018,4,Perisher,37741,71075,4.66,-3.49,2.89,2034m,1605m,1245ha,53.4ha,47
2018,5,Perisher,71310,71075,2.46,-4.71,0.11,2034m,1605m,1245ha,53.4ha,47
2018,6,Perisher,93226,71075,1.87,-5.27,1.49,2034m,1605m,1245ha,53.4ha,47
2018,7,Perisher,61632,71075,2.1,-2.44,2.86,2034m,1605m,1245ha,53.4ha,47
2018,8,Perisher,55592,71075,3.09,-2.79,2.34,2034m,1605m,1245ha,53.4ha,47
2018,9,Perisher,65256,71075,2.21,-3.06,3.09,2034m,1605m,1245ha,53.4ha,47
2018,10,Perisher,69540,71075,2.33,-2.73,0.46,2034m,1605m,1245ha,53.4ha,47
2018,11,Perisher,70211,71075,0.91,-5.96,2.34,2034m,1605m,1245ha,53.4ha,47
2018,12,Perisher,70681,71075,3.77,-3.6,0.37,2034m,1605m,1245ha,53.4ha,47
2018,13,Perisher,54342,71075,4.37,-3.39,0.8,2034m,1605m,1245ha,53.4ha,47
2018,14,Perisher,46265,71075,8.39,-0.07,0,2034m,1605m,1245ha,53.4ha,47
2018,15,Perisher,30146,71075,5.46,-3.06,1.29,2034m,1605m,1245ha,53.4ha,47
2019,1,Perisher,24730,71075,5.33,1.61,1.37,2034m,1605m,1245ha,53.4ha,47
2019,2,Perisher,12913,71075,2.63,-5.4,0.34,2034m,1605m,1245ha,53.4ha,47
2019,3,Perisher,17700,71075,6.84,-4.63,0.17,2034m,1605m,1245ha,53.4ha,47
2019,4,Perisher,34236,71075,5.56,-3.66,0.2,2034m,1605m,1245ha,53.4ha,47
2019,5,Perisher,64459,71075,1.49,-2.49,1.54,2034m,1605m,1245ha,53.4ha,47
2019,6,Perisher,72800,71075,2.54,-3.3,3.03,2034m,1605m,1245ha,53.4ha,47
2019,7,Perisher,60123,71075,4.29,-2.03,0.09,2034m,1605m,1245ha,53.4ha,47
2019,8,Perisher,58944,71075,5.69,-4.77,0.66,2034m,1605m,1245ha,53.4ha,47
2019,9,Perisher,61440,71075,1.8,-4.49,0.17,2034m,1605m,1245ha,53.4ha,47
2019,10,Perisher,60344,71075,3.56,-5.1,1.4,2034m,1605m,1245ha,53.4ha,47
2019,11,Perisher,77783,71075,3.53,-3.17,1.89,2034m,1605m,1245ha,53.4ha,47
2019,12,Perisher,71288,71075,4.44,-4.61,0.66,2034m,1605m,1245ha,53.4ha,47
2019,13,Perisher,59693,71075,6.39,-0.61,1.14,2034m,1605m,1245ha,53.4ha,47
2019,14,Perisher,49945,71075,6.91,-2.83,1.11,2034m,1605m,1245ha,53.4ha,47
2019,15,Perisher,37747,71075,8.53,-1.04,1,2034m,1605m,1245ha,53.4ha,47
2020,1,Perisher,2987,71075,6,-2.77,1.46,2034m,1605m,1245ha,53.4ha,47
2020,2,Perisher,2205,71075,3.97,-1.6,3.97,2034m,1605m,1245ha,53.4ha,47
2020,3,Perisher,2373,71075,4.21,-4.07,0.6,2034m,1605m,1245ha,53.4ha,47
2020,4,Perisher,6968,71075,2.96,-3.29,3.26,2034m,1605m,1245ha,53.4ha,47
2020,5,Perisher,8403,71075,3.97,-4.13,0.17,2034m,1605m,1245ha,53.4ha,47
2020,6,Perisher,14350,71075,2.8,-4,2.09,2034m,1605m,1245ha,53.4ha,47
2020,7,Perisher,7748,71075,5.57,-3.56,1.14,2034m,1605m,1245ha,53.4ha,47
2020,8,Perisher,5264,71075,6.43,-3.09,0.31,2034m,1605m,1245ha,53.4ha,47
2020,9,Perisher,5356,71075,1.39,-4.36,3.17,2034m,1605m,1245ha,53.4ha,47
2020,10,Perisher,3128,71075,4.29,-0.86,1.86,2034m,1605m,1245ha,53.4ha,47
2020,11,Perisher,0,71075,-0.13,-3.87,1.69,2034m,1605m,1245ha,53.4ha,47
2020,12,Perisher,0,71075,4.43,-2.53,1.6,2034m,1605m,1245ha,53.4ha,47
2020,13,Perisher,0,71075,7.23,-1.64,0.09,2034m,1605m,1245ha,53.4ha,47
2020,14,Perisher,0,71075,8.8,1.51,3.51,2034m,1605m,1245ha,53.4ha,47
2020,15,Perisher,0,71075,10.44,1.2,1.06,2034m,1605m,1245ha,53.4ha,47
2021,1,Perisher,6003,71075,3.07,-2.09,2.23,2034m,1605m,1245ha,53.4ha,47
2021,2,Perisher,10901,71075,3.13,-3.81,2.23,2034m,1605m,1245ha,53.4ha,47
2021,3,Perisher,24338,71075,3.69,-2.64,1,2034m,1605m,1245ha,53.4ha,47
2021,4,Perisher,43413,71075,2.47,-3.26,2.26,2034m,1605m,1245ha,53.4ha,47
2021,5,Perisher,55654,71075,3.87,-4.43,0,2034m,1605m,1245ha,53.4ha,47
2021,6,Perisher,22523,71075,0.67,-2.81,2.46,2034m,1605m,1245ha,53.4ha,47
2021,7,Perisher,8333,71075,0.91,-4.53,2.66,2034m,1605m,1245ha,53.4ha,47
2021,8,Perisher,29825,71075,2.53,-2.86,2.77,2034m,1605m,1245ha,53.4ha,47
2021,9,Perisher,25409,71075,5.09,-2.1,0.17,2034m,1605m,1245ha,53.4ha,47
2021,10,Perisher,19460,71075,3.24,-3.04,0.06,2034m,1605m,1245ha,53.4ha,47
2021,11,Perisher,18796,71075,5.24,-0.87,0.43,2034m,1605m,1245ha,53.4ha,47
2021,12,Perisher,7640,71075,3.01,-2.57,2,2034m,1605m,1245ha,53.4ha,47
2021,13,Perisher,5871,71075,7.43,-0.14,0.51,2034m,1605m,1245ha,53.4ha,47
2021,14,Perisher,5192,71075,5.9,-0.4,2.23,2034m,1605m,1245ha,53.4ha,47
2021,15,Perisher,8958,71075,4.83,-2.39,0.26,2034m,1605m,1245ha,53.4ha,47
2022,1,Perisher,37439,71075,2.43,-4.04,1.29,2034m,1605m,1245ha,53.4ha,47
2022,2,Perisher,38068,71075,4.36,-3.6,2.11,2034m,1605m,1245ha,53.4ha,47
2022,3,Perisher,42997,71075,3.34,-2.51,2.03,2034m,1605m,1245ha,53.4ha,47
2022,4,Perisher,68311,71075,1.84,-2.93,1.8,2034m,1605m,1245ha,53.4ha,47
2022,5,Perisher,77499,71075,1.97,-5.66,0.71,2034m,1605m,1245ha,53.4ha,47
2022,6,Perisher,66744,71075,1.29,-5.26,1.86,2034m,1605m,1245ha,53.4ha,47
2022,7,Perisher,66904,71075,3.87,-2.17,0.49,2034m,1605m,1245ha,53.4ha,47
2022,8,Perisher,64587,71075,2.77,-3.36,1.4,2034m,1605m,1245ha,53.4ha,47
2022,9,Perisher,60980,71075,2.76,-3.83,1.51,2034m,1605m,1245ha,53.4ha,47
2022,10,Perisher,65991,71075,2.69,-2.31,2.91,2034m,1605m,1245ha,53.4ha,47
2022,11,Perisher,65880,71075,1.89,-3.5,1.71,2034m,1605m,1245ha,53.4ha,47
2022,12,Perisher,65716,71075,7.1,-2.2,1.11,2034m,1605m,1245ha,53.4ha,47
2022,13,Perisher,49749,71075,5.31,-4.96,0.6,2034m,1605m,1245ha,53.4ha,47
2022,14,Perisher,37395,71075,4.17,-1.3,3.69,2034m,1605m,1245ha,53.4ha,47
2022,15,Perisher,32777,71075,5.3,-0.93,1.14,2034m,1605m,1245ha,53.4ha,47
2023,1,Perisher,11226,71075,3,-2.2,1.51,2034m,1605m,1245ha,53.4ha,47
2023,2,Perisher,13577,71075,2.01,-2.77,1.34,2034m,1605m,1245ha,53.4ha,47
2023,3,Perisher,28654,71075,0.27,-2.69,1.94,2034m,1605m,1245ha,53.4ha,47
2023,4,Perisher,59114,71075,4.54,-1.66,1.31,2034m,1605m,1245ha,53.4ha,47
2023,5,Perisher,66365,71075,3.01,-1.43,1.17,2034m,1605m,1245ha,53.4ha,47
2023,6,Perisher,63478,71075,5.14,-2.64,0.26,2034m,1605m,1245ha,53.4ha,47
2023,7,Perisher,58267,71075,5.7,-4.63,0.51,2034m,1605m,1245ha,53.4ha,47
2023,8,Perisher,55647,71075,5.57,0.2,1.97,2034m,1605m,1245ha,53.4ha,47
2023,9,Perisher,52481,71075,6.59,-2.06,0.71,2034m,1605m,1245ha,53.4ha,47
2023,10,Perisher,54314,71075,4.06,-4.5,1.43,2034m,1605m,1245ha,53.4ha,47
2023,11,Perisher,53176,71075,6.81,-2.03,4.83,2034m,1605m,1245ha,53.4ha,47
2023,12,Perisher,45383,71075,7.51,-0.17,1.51,2034m,1605m,1245ha,53.4ha,47
2023,13,Perisher,30430,71075,9.81,-1.93,1.49,2034m,1605m,1245ha,53.4ha,47
2023,14,Perisher,19256,71075,3.9,-2.71,0.43,2034m,1605m,1245ha,53.4ha,47
2023,15,Perisher,13110,71075,6.97,-1.83,0.06,2034m,1605m,1245ha,53.4ha,47
2024,1,Perisher,7198,71075,3.66,-2.9,1.29,2034m,1605m,1245ha,53.4ha,47
2024,2,Perisher,9075,71075,2.13,-6.39,0.77,2034m,1605m,1245ha,53.4ha,47
2024,3,Perisher,12013,71075,3.14,-2.46,1.94,2034m,1605m,1245ha,53.4ha,47
2024,4,Perisher,26583,71075,3.09,-5.49,0.37,2034m,1605m,1245ha,53.4ha,47
2024,5,Perisher,60244,71075,4.73,-1.26,0.54,2034m,1605m,1245ha,53.4ha,47
2024,6,Perisher,64682,71075,0.59,-4.03,0.86,2034m,1605m,1245ha,53.4ha,47
2024,7,Perisher,60369,71075,3.6,-1.51,0.46,2034m,1605m,1245ha,53.4ha,47
2024,8,Perisher,57846,71075,3.26,-7.09,1.74,2034m,1605m,1245ha,53.4ha,47
2024,9,Perisher,62142,71075,4.73,-4.46,0,2034m,1605m,1245ha,53.4ha,47
2024,10,Perisher,55118,71075,7.77,-0.11,0.14,2034m,1605m,1245ha,53.4ha,47
2024,11,Perisher,49136,71075,6.3,0.09,4.2,2034m,1605m,1245ha,53.4ha,47
2024,12,Perisher,43382,71075,4.59,0.67,4.54,2034m,1605m,1245ha,53.4ha,47
2024,13,Perisher,23908,71075,7.99,-0.59,3,2034m,1605m,1245ha,53.4ha,47
2024,14,Perisher,8244,71075,7.24,-0.73,0.77,2034m,1605m,1245ha,53.4ha,47
2024,15,Perisher,5336,71075,4.01,-2.96,2.8,2034m,1605m,1245ha,53.4ha,47
2014,1,Charlotte Pass,408,71032,4.71,-2,2.91,1955m,1760m,50ha,10ha,6
2014,2,Charlotte Pass,151,71032,2.66,-1.69,1.14,1955m,1760m,50ha,10ha,6
2014,3,Charlotte Pass,230,71032,-1.03,-4.11,0.6,1955m,1760m,50ha,10ha,6
2014,4,Charlotte Pass,1134,71032,-1.31,-4.36,0.07,1955m,1760m,50ha,10ha,6
2014,5,Charlotte Pass,3403,71032,-1.69,-5.19,0.43,1955m,1760m,50ha,10ha,6
2014,6,Charlotte Pass,4305,71032,-1.87,-5.41,0.51,1955m,1760m,50ha,10ha,6
2014,7,Charlotte Pass,3236,71032,1.26,-4.5,0.49,1955m,1760m,50ha,10ha,6
2014,8,Charlotte Pass,2901,71032,-0.83,-4.45,2.09,1955m,1760m,50ha,10ha,6
2014,9,Charlotte Pass,3391,71032,2.2,-4.63,0,1955m,1760m,50ha,10ha,6
2014,10,Charlotte Pass,3549,71032,1.51,-5.84,0.09,1955m,1760m,50ha,10ha,6
2014,11,Charlotte Pass,3608,71032,2.37,-4.26,2.77,1955m,1760m,50ha,10ha,6
2014,12,Charlotte Pass,3258,71032,3.96,-2.96,2.14,1955m,1760m,50ha,10ha,6
2014,13,Charlotte Pass,2837,71032,0.81,-5.46,1.34,1955m,1760m,50ha,10ha,6
2014,14,Charlotte Pass,1898,71032,3.96,-1.4,0.34,1955m,1760m,50ha,10ha,6
2014,15,Charlotte Pass,995,71032,2.63,-2.8,1.51,1955m,1760m,50ha,10ha,6
2015,1,Charlotte Pass,892,71032,7.53,-2.13,0.86,1955m,1760m,50ha,10ha,6
2015,2,Charlotte Pass,405,71032,2.16,-1.8,3.89,1955m,1760m,50ha,10ha,6
2015,3,Charlotte Pass,501,71032,6.7,-0.96,0.2,1955m,1760m,50ha,10ha,6
2015,4,Charlotte Pass,1303,71032,2.24,-5,0,1955m,1760m,50ha,10ha,6
2015,5,Charlotte Pass,2645,71032,0.27,-5.04,0.63,1955m,1760m,50ha,10ha,6
2015,6,Charlotte Pass,3211,71032,-1.87,-6.47,1.23,1955m,1760m,50ha,10ha,6
2015,7,Charlotte Pass,2996,71032,-0.8,-3.93,1.54,1955m,1760m,50ha,10ha,6
2015,8,Charlotte Pass,2661,71032,-0.41,-4.37,2.07,1955m,1760m,50ha,10ha,6
2015,9,Charlotte Pass,3148,71032,-2.01,-5.64,0.4,1955m,1760m,50ha,10ha,6
2015,10,Charlotte Pass,3473,71032,0.29,-4.74,0.23,1955m,1760m,50ha,10ha,6
2015,11,Charlotte Pass,3719,71032,2.14,-3.23,0.6,1955m,1760m,50ha,10ha,6
2015,12,Charlotte Pass,3358,71032,0.19,-3.99,4.11,1955m,1760m,50ha,10ha,6
2015,13,Charlotte Pass,2909,71032,1.06,-3.99,1.57,1955m,1760m,50ha,10ha,6
2015,14,Charlotte Pass,2403,71032,5.7,-2.31,0.17,1955m,1760m,50ha,10ha,6
2015,15,Charlotte Pass,1492,71032,4.47,-2.1,1.57,1955m,1760m,50ha,10ha,6
2016,1,Charlotte Pass,531,71032,3.74,-1.44,0.2,1955m,1760m,50ha,10ha,6
2016,2,Charlotte Pass,301,71032,2.69,-0.5,3.4,1955m,1760m,50ha,10ha,6
2016,3,Charlotte Pass,1096,71032,-2.61,-5.99,0.2,1955m,1760m,50ha,10ha,6
2016,4,Charlotte Pass,2705,71032,1.51,-3.81,0.49,1955m,1760m,50ha,10ha,6
2016,5,Charlotte Pass,3570,71032,-0.41,-2.89,2.51,1955m,1760m,50ha,10ha,6
2016,6,Charlotte Pass,3316,71032,4.41,-2.51,0.06,1955m,1760m,50ha,10ha,6
2016,7,Charlotte Pass,2689,71032,-0.06,-4.13,0.14,1955m,1760m,50ha,10ha,6
2016,8,Charlotte Pass,3038,71032,-0.11,-3.97,1.14,1955m,1760m,50ha,10ha,6
2016,9,Charlotte Pass,3384,71032,1.01,-4.86,0.34,1955m,1760m,50ha,10ha,6
2016,10,Charlotte Pass,3549,71032,2.07,-3.37,0.49,1955m,1760m,50ha,10ha,6
2016,11,Charlotte Pass,3259,71032,0.23,-3.36,2.74,1955m,1760m,50ha,10ha,6
2016,12,Charlotte Pass,2951,71032,0.73,-4.5,0.63,1955m,1760m,50ha,10ha,6
2016,13,Charlotte Pass,2070,71032,5.06,-1.34,2.54,1955m,1760m,50ha,10ha,6
2016,14,Charlotte Pass,1385,71032,4.67,-0.14,1.77,1955m,1760m,50ha,10ha,6
2016,15,Charlotte Pass,979,71032,1.97,-2.81,4.1,1955m,1760m,50ha,10ha,6
2017,1,Charlotte Pass,1030,71032,5.34,-1.3,0.2,1955m,1760m,50ha,10ha,6
2017,2,Charlotte Pass,478,71032,6.56,-1.39,0,1955m,1760m,50ha,10ha,6
2017,3,Charlotte Pass,842,71032,-0.26,-4.73,0.06,1955m,1760m,50ha,10ha,6
2017,4,Charlotte Pass,1923,71032,0.54,-4.93,3.11,1955m,1760m,50ha,10ha,6
2017,5,Charlotte Pass,3523,71032,-2.01,-5.2,0.2,1955m,1760m,50ha,10ha,6
2017,6,Charlotte Pass,4189,71032,-1.44,-4.85,1.89,1955m,1760m,50ha,10ha,6
2017,7,Charlotte Pass,3031,71032,-0.56,-4.71,1.89,1955m,1760m,50ha,10ha,6
2017,8,Charlotte Pass,2928,71032,0.86,-3.53,1.31,1955m,1760m,50ha,10ha,6
2017,9,Charlotte Pass,3290,71032,-0.51,-4.53,0.2,1955m,1760m,50ha,10ha,6
2017,10,Charlotte Pass,4046,71032,0.7,-1.79,1.43,1955m,1760m,50ha,10ha,6
2017,11,Charlotte Pass,3873,71032,-1.84,-6.17,0.71,1955m,1760m,50ha,10ha,6
2017,12,Charlotte Pass,3634,71032,-0.66,-7.57,0.46,1955m,1760m,50ha,10ha,6
2017,13,Charlotte Pass,2853,71032,0.41,-4.57,0,1955m,1760m,50ha,10ha,6
2017,14,Charlotte Pass,2669,71032,1.63,-3.23,0.54,1955m,1760m,50ha,10ha,6
2017,15,Charlotte Pass,1941,71032,3.43,-3.33,1.14,1955m,1760m,50ha,10ha,6
2018,1,Charlotte Pass,825,71032,0.37,-2.91,3,1955m,1760m,50ha,10ha,6
2018,2,Charlotte Pass,630,71032,-1.59,-5.79,2.74,1955m,1760m,50ha,10ha,6
2018,3,Charlotte Pass,1264,71032,1.61,-4.37,0.31,1955m,1760m,50ha,10ha,6
2018,4,Charlotte Pass,2062,71032,2.39,-3.41,1.74,1955m,1760m,50ha,10ha,6
2018,5,Charlotte Pass,3902,71032,-0.76,-5.74,1.09,1955m,1760m,50ha,10ha,6
2018,6,Charlotte Pass,5033,71032,-0.71,-5.47,1.94,1955m,1760m,50ha,10ha,6
2018,7,Charlotte Pass,3344,71032,-0.2,-5.61,2.29,1955m,1760m,50ha,10ha,6
2018,8,Charlotte Pass,3031,71032,0.39,-4.33,2.49,1955m,1760m,50ha,10ha,6
2018,9,Charlotte Pass,3522,71032,1.16,-3.4,0.5,1955m,1760m,50ha,10ha,6
2018,10,Charlotte Pass,3849,71032,-0.23,-4.46,2.54,1955m,1760m,50ha,10ha,6
2018,11,Charlotte Pass,3867,71032,-2.3,-6.94,0.26,1955m,1760m,50ha,10ha,6
2018,12,Charlotte Pass,3839,71032,0.89,-4.47,0.06,1955m,1760m,50ha,10ha,6
2018,13,Charlotte Pass,2943,71032,0.89,-4.59,1.63,1955m,1760m,50ha,10ha,6
2018,14,Charlotte Pass,2542,71032,6.29,-1.16,0,1955m,1760m,50ha,10ha,6
2018,15,Charlotte Pass,1688,71032,3.47,-3.54,0.8,1955m,1760m,50ha,10ha,6
2019,1,Charlotte Pass,1385,71032,3.16,0.26,0.4,1955m,1760m,50ha,10ha,6
2019,2,Charlotte Pass,700,71032,-0.74,-5.69,0.51,1955m,1760m,50ha,10ha,6
2019,3,Charlotte Pass,992,71032,3.7,-4.44,0.06,1955m,1760m,50ha,10ha,6
2019,4,Charlotte Pass,1904,71032,3.59,-4.07,0.23,1955m,1760m,50ha,10ha,6
2019,5,Charlotte Pass,3584,71032,-0.6,-3.7,2.86,1955m,1760m,50ha,10ha,6
2019,6,Charlotte Pass,3998,71032,-0.77,-5.27,0.97,1955m,1760m,50ha,10ha,6
2019,7,Charlotte Pass,3377,71032,2.26,-2.91,1.51,1955m,1760m,50ha,10ha,6
2019,8,Charlotte Pass,3318,71032,2.6,-4.01,0.54,1955m,1760m,50ha,10ha,6
2019,9,Charlotte Pass,3449,71032,-0.27,-4.17,2.6,1955m,1760m,50ha,10ha,6
2019,10,Charlotte Pass,3258,71032,0.36,-5.61,0.51,1955m,1760m,50ha,10ha,6
2019,11,Charlotte Pass,4333,71032,-0.13,-5,2.26,1955m,1760m,50ha,10ha,6
2019,12,Charlotte Pass,3980,71032,2.13,-6.27,0.43,1955m,1760m,50ha,10ha,6
2019,13,Charlotte Pass,3238,71032,4.1,-1.15,2.09,1955m,1760m,50ha,10ha,6
2019,14,Charlotte Pass,2733,71032,3.37,-3.43,0.97,1955m,1760m,50ha,10ha,6
2019,15,Charlotte Pass,2018,71032,5.19,-0.9,0.66,1955m,1760m,50ha,10ha,6
2020,1,Charlotte Pass,161,71032,4.09,-2.29,0.49,1955m,1760m,50ha,10ha,6
2020,2,Charlotte Pass,122,71032,2.6,-1.77,2.63,1955m,1760m,50ha,10ha,6
2020,3,Charlotte Pass,133,71032,1.1,-5.23,0.14,1955m,1760m,50ha,10ha,6
2020,4,Charlotte Pass,379,71032,0.41,-4.29,1.23,1955m,1760m,50ha,10ha,6
2020,5,Charlotte Pass,457,71032,1.57,-2.94,0.26,1955m,1760m,50ha,10ha,6
2020,6,Charlotte Pass,765,71032,0.06,-5.03,0.34,1955m,1760m,50ha,10ha,6
2020,7,Charlotte Pass,422,71032,2.64,-2.27,2.2,1955m,1760m,50ha,10ha,6
2020,8,Charlotte Pass,286,71032,3.37,-2.47,0.43,1955m,1760m,50ha,10ha,6
2020,9,Charlotte Pass,292,71032,-0.8,-5.31,1.4,1955m,1760m,50ha,10ha,6
2020,10,Charlotte Pass,176,71032,1.57,-2.4,5.17,1955m,1760m,50ha,10ha,6
2020,11,Charlotte Pass,0,71032,-2.6,-5.16,4,1955m,1760m,50ha,10ha,6
2020,12,Charlotte Pass,0,71032,0.39,-5.23,0.77,1955m,1760m,50ha,10ha,6
2020,13,Charlotte Pass,0,71032,4.81,-2.23,0.11,1955m,1760m,50ha,10ha,6
2020,14,Charlotte Pass,0,71032,6.43,-0.04,2.46,1955m,1760m,50ha,10ha,6
2020,15,Charlotte Pass,0,71032,8.7,2.99,2.63,1955m,1760m,50ha,10ha,6
2021,1,Charlotte Pass,323,71032,-0.12,-3.12,2.86,1955m,1760m,50ha,10ha,6
2021,2,Charlotte Pass,597,71032,0,-4.39,1.74,1955m,1760m,50ha,10ha,6
2021,3,Charlotte Pass,1307,71032,1.13,-4.03,0.89,1955m,1760m,50ha,10ha,6
2021,4,Charlotte Pass,2355,71032,-0.04,-3.61,0.97,1955m,1760m,50ha,10ha,6
2021,5,Charlotte Pass,3029,71032,0.59,-4.9,0,1955m,1760m,50ha,10ha,6
2021,6,Charlotte Pass,1219,71032,-1,-3.72,5.69,1955m,1760m,50ha,10ha,6
2021,7,Charlotte Pass,468,71032,-1.88,-4.66,6.33,1955m,1760m,50ha,10ha,6
2021,8,Charlotte Pass,1653,71032,-2.03,-4.13,4.47,1955m,1760m,50ha,10ha,6
2021,9,Charlotte Pass,1388,71032,1.64,-4.1,0.57,1955m,1760m,50ha,10ha,6
2021,10,Charlotte Pass,1036,71032,2.74,-1.36,1.68,1955m,1760m,50ha,10ha,6
2021,11,Charlotte Pass,1046,71032,1.9,-1.18,3.06,1955m,1760m,50ha,10ha,6
2021,12,Charlotte Pass,424,71032,0.96,-4.2,1.77,1955m,1760m,50ha,10ha,6
2021,13,Charlotte Pass,329,71032,4.2,-1.14,1.29,1955m,1760m,50ha,10ha,6
2021,14,Charlotte Pass,286,71032,3.14,-1.53,0.69,1955m,1760m,50ha,10ha,6
2021,15,Charlotte Pass,504,71032,2.37,-3.87,2.71,1955m,1760m,50ha,10ha,6
2022,1,Charlotte Pass,2109,71032,-0.69,-4.69,0.14,1955m,1760m,50ha,10ha,6
2022,2,Charlotte Pass,2110,71032,1.7,-3.39,3.89,1955m,1760m,50ha,10ha,6
2022,3,Charlotte Pass,2385,71032,1.51,-3.51,1.4,1955m,1760m,50ha,10ha,6
2022,4,Charlotte Pass,3705,71032,1.43,-4.57,0.37,1955m,1760m,50ha,10ha,6
2022,5,Charlotte Pass,4232,71032,-0.99,-5.37,0.31,1955m,1760m,50ha,10ha,6
2022,6,Charlotte Pass,3615,71032,-1.41,-6.66,1.2,1955m,1760m,50ha,10ha,6
2022,7,Charlotte Pass,3723,71032,1.1,-3.73,0.86,1955m,1760m,50ha,10ha,6
2022,8,Charlotte Pass,3536,71032,0.26,-5.11,0.83,1955m,1760m,50ha,10ha,6
2022,9,Charlotte Pass,3441,71032,0.1,-4.29,1.63,1955m,1760m,50ha,10ha,6
2022,10,Charlotte Pass,3634,71032,-0.07,-3.51,3.54,1955m,1760m,50ha,10ha,6
2022,11,Charlotte Pass,3603,71032,-0.53,-4.51,3.11,1955m,1760m,50ha,10ha,6
2022,12,Charlotte Pass,3644,71032,2.56,-3.4,0.6,1955m,1760m,50ha,10ha,6
2022,13,Charlotte Pass,2794,71032,3.44,-5.36,0.09,1955m,1760m,50ha,10ha,6
2022,14,Charlotte Pass,2038,71032,1.57,-3.27,5.06,1955m,1760m,50ha,10ha,6
2022,15,Charlotte Pass,1829,71032,2.03,-3,3.31,1955m,1760m,50ha,10ha,6
2023,1,Charlotte Pass,605,71032,0.86,-3.09,1.49,1955m,1760m,50ha,10ha,6
2023,2,Charlotte Pass,741,71032,-0.91,-4.19,0.77,1955m,1760m,50ha,10ha,6
2023,3,Charlotte Pass,1607,71032,-1.66,-4.57,3.74,1955m,1760m,50ha,10ha,6
2023,4,Charlotte Pass,3258,71032,0.73,-3.51,0.77,1955m,1760m,50ha,10ha,6
2023,5,Charlotte Pass,3688,71032,0.67,-3.01,1.71,1955m,1760m,50ha,10ha,6
2023,6,Charlotte Pass,3573,71032,3.21,-3.36,0.23,1955m,1760m,50ha,10ha,6
2023,7,Charlotte Pass,3165,71032,3.01,-4.11,0.17,1955m,1760m,50ha,10ha,6
2023,8,Charlotte Pass,3090,71032,3.56,-1.07,1.7,1955m,1760m,50ha,10ha,6
2023,9,Charlotte Pass,2884,71032,4.17,-2.11,0.21,1955m,1760m,50ha,10ha,6
2023,10,Charlotte Pass,2901,71032,1.03,-4.57,1.06,1955m,1760m,50ha,10ha,6
2023,11,Charlotte Pass,2949,71032,3.7,-2.2,3.4,1955m,1760m,50ha,10ha,6
2023,12,Charlotte Pass,2480,71032,4.5,-0.2,1.4,1955m,1760m,50ha,10ha,6
2023,13,Charlotte Pass,1650,71032,5.71,-5.38,1.6,1955m,1760m,50ha,10ha,6
2023,14,Charlotte Pass,1037,71032,5.28,-3.82,0.69,1955m,1760m,50ha,10ha,6
2023,15,Charlotte Pass,705,71032,4.85,-1.9,1.51,1955m,1760m,50ha,10ha,6
2024,1,Charlotte Pass,392,71032,1.76,-3.27,1,1955m,1760m,50ha,10ha,6
2024,2,Charlotte Pass,505,71032,-0.7,-6.07,0.17,1955m,1760m,50ha,10ha,6
2024,3,Charlotte Pass,677,71032,0.37,-3.56,1.94,1955m,1760m,50ha,10ha,6
2024,4,Charlotte Pass,1460,71032,-0.71,-6.5,0.06,1955m,1760m,50ha,10ha,6
2024,5,Charlotte Pass,3268,71032,2.23,-2.47,1.23,1955m,1760m,50ha,10ha,6
2024,6,Charlotte Pass,3602,71032,-1.63,-5.29,2.34,1955m,1760m,50ha,10ha,6
2024,7,Charlotte Pass,3271,71032,0.67,-4.16,0.77,1955m,1760m,50ha,10ha,6
2024,8,Charlotte Pass,3164,71032,-0.06,-7.54,0.66,1955m,1760m,50ha,10ha,6
2024,9,Charlotte Pass,3457,71032,2.34,-4.37,0,1955m,1760m,50ha,10ha,6
2024,10,Charlotte Pass,3084,71032,4.33,-0.84,0.6,1955m,1760m,50ha,10ha,6
2024,11,Charlotte Pass,2667,71032,3.5,-0.7,2.26,1955m,1760m,50ha,10ha,6
2024,12,Charlotte Pass,2392,71032,2.5,-1.17,2.23,1955m,1760m,50ha,10ha,6
2024,13,Charlotte Pass,1323,71032,4.61,-0.7,1.03,1955m,1760m,50ha,10ha,6
2024,14,Charlotte Pass,454,71032,5.86,-1.24,1.63,1955m,1760m,50ha,10ha,6
2024,15,Charlotte Pass,294,71032,0.87,-4.26,2.29,1955m,1760m,50ha,10ha,6
