Year,Week,Resort,VisitorDays,Bureau of Meteorology station number,Maximum temperature (Degree C),Minimum temperature (Degree C),Rainfall amount (millimetres)
2014.0,1.0,Mt. Baw Baw,555.0,85291,4.96,1.1,0.63
2014.0,2.0,Mt. Baw Baw,804.0,85291,5.49,0.81,0.2
2014.0,3.0,Mt. Baw Baw,993.0,85291,1.04,-1.81,2.21
2014.0,4.0,Mt. Baw Baw,2976.0,85291,2.53,-0.96,1.11
2014.0,5.0,Mt. Baw Baw,11112.0,85291,0.69,-2.26,3.4
2014.0,6.0,Mt. Baw Baw,13381.0,85291,1.01,-2.43,1.43
2014.0,7.0,Mt. Baw Baw,8832.0,85291,3.79,0.01,1.2
2014.0,8.0,Mt. Baw Baw,9347.0,85291,1.7,-2.17,4.26
2014.0,9.0,Mt. Baw Baw,10071.0,85291,2.11,-2.01,1.66
2014.0,10.0,Mt. Baw Baw,11071.0,85291,3.54,-2.11,1.31
2014.0,11.0,Mt. Baw Baw,10079.0,85291,5.29,-0.06,3.14
2014.0,12.0,Mt. Baw Baw,7635.0,85291,8.26,1.83,0.97
2014.0,13.0,Mt. Baw Baw,4681.0,85291,5.81,-0.31,1.49
2014.0,14.0,Mt. Baw Baw,1904.0,85291,5.67,1.01,1.8
2014.0,15.0,Mt. Baw Baw,0.0,85291,4.73,-0.64,1.14
2015.0,1.0,Mt. Baw Baw,3185.0,85291,6.27,-0.0,2.91
2015.0,2.0,Mt. Baw Baw,2058.0,85291,2.89,-0.96,1.43
2015.0,3.0,Mt. Baw Baw,1745.0,85291,6.24,-0.07,0.11
2015.0,4.0,Mt. Baw Baw,2751.0,85291,1.03,-2.01,3.03
2015.0,5.0,Mt. Baw Baw,6748.0,85291,1.59,-1.51,2.46
2015.0,6.0,Mt. Baw Baw,8269.0,85291,0.29,-3.67,1.94
2015.0,7.0,Mt. Baw Baw,8219.0,85291,0.97,-1.71,3.43
2015.0,8.0,Mt. Baw Baw,8600.0,85291,-0.03,-3.44,4.14
2015.0,9.0,Mt. Baw Baw,8932.0,85291,0.87,-3.19,3.54
2015.0,10.0,Mt. Baw Baw,10429.0,85291,1.31,-1.87,2.86
2015.0,11.0,Mt. Baw Baw,10927.0,85291,4.16,-0.64,0.34
2015.0,12.0,Mt. Baw Baw,9027.0,85291,1.37,-2.7,4.63
2015.0,13.0,Mt. Baw Baw,6236.0,85291,3.7,-1.56,1.17
2015.0,14.0,Mt. Baw Baw,4387.0,85291,7.07,-1.07,3.66
2015.0,15.0,Mt. Baw Baw,2247.0,85291,5.2,0.16,1.31
2016.0,1.0,Mt. Baw Baw,1154.0,85291,5.27,-0.33,4.0
2016.0,2.0,Mt. Baw Baw,1298.0,85291,4.47,2.0,0.74
2016.0,3.0,Mt. Baw Baw,2306.0,85291,-0.27,-3.13,1.91
2016.0,4.0,Mt. Baw Baw,8796.0,85291,1.56,-1.24,2.49
2016.0,5.0,Mt. Baw Baw,7976.0,85291,1.89,-0.57,3.37
2016.0,6.0,Mt. Baw Baw,6614.0,85291,4.9,-0.49,1.54
2016.0,7.0,Mt. Baw Baw,5267.0,85291,1.43,-2.41,1.89
2016.0,8.0,Mt. Baw Baw,6394.0,85291,1.83,-1.21,2.06
2016.0,9.0,Mt. Baw Baw,6676.0,85291,1.97,-1.99,1.31
2016.0,10.0,Mt. Baw Baw,5593.0,85291,4.0,-0.69,1.26
2016.0,11.0,Mt. Baw Baw,3979.0,85291,2.83,-1.13,2.17
2016.0,12.0,Mt. Baw Baw,3909.0,85291,3.2,-0.91,1.29
2016.0,13.0,Mt. Baw Baw,1373.0,85291,7.74,1.37,2.83
2016.0,14.0,Mt. Baw Baw,0.0,85291,5.59,2.11,2.11
2016.0,15.0,Mt. Baw Baw,0.0,85291,4.56,-0.81,1.86
2017.0,1.0,Mt. Baw Baw,3569.0,85291,6.81,0.37,0.77
2017.0,2.0,Mt. Baw Baw,798.0,85291,5.83,0.24,0.6
2017.0,3.0,Mt. Baw Baw,846.0,85291,0.14,-2.47,2.03
2017.0,4.0,Mt. Baw Baw,3486.0,85291,1.8,-2.57,3.86
2017.0,5.0,Mt. Baw Baw,5981.0,85291,0.81,-2.66,1.09
2017.0,6.0,Mt. Baw Baw,9132.0,85291,1.03,-2.17,2.0
2017.0,7.0,Mt. Baw Baw,7286.0,85291,2.19,-2.26,4.77
2017.0,8.0,Mt. Baw Baw,5799.0,85291,3.7,-1.61,2.54
2017.0,9.0,Mt. Baw Baw,5331.0,85291,1.87,-1.53,3.97
2017.0,10.0,Mt. Baw Baw,6311.0,85291,3.46,-0.06,2.4
2017.0,11.0,Mt. Baw Baw,5884.0,85291,0.17,-3.54,4.26
2017.0,12.0,Mt. Baw Baw,4921.0,85291,0.36,-4.26,4.34
2017.0,13.0,Mt. Baw Baw,4086.0,85291,2.44,-1.84,3.29
2017.0,14.0,Mt. Baw Baw,5565.0,85291,3.1,-1.24,0.77
2017.0,15.0,Mt. Baw Baw,3409.0,85291,4.83,-2.99,3.26
2018.0,1.0,Mt. Baw Baw,2753.0,85291,2.61,-0.19,3.26
2018.0,2.0,Mt. Baw Baw,2102.0,85291,1.85,-2.14,2.83
2018.0,3.0,Mt. Baw Baw,5768.0,85291,2.86,-1.07,0.54
2018.0,4.0,Mt. Baw Baw,7058.0,85291,3.63,-0.16,2.03
2018.0,5.0,Mt. Baw Baw,11141.0,85291,1.03,-2.47,2.63
2018.0,6.0,Mt. Baw Baw,18031.0,85291,2.15,-2.7,1.63
2018.0,7.0,Mt. Baw Baw,8803.0,85291,1.29,-2.54,2.73
2018.0,8.0,Mt. Baw Baw,7966.0,85291,2.87,-1.41,3.54
2018.0,9.0,Mt. Baw Baw,8950.0,85291,1.81,-2.59,3.49
2018.0,10.0,Mt. Baw Baw,7621.0,85291,1.64,-2.18,3.04
2018.0,11.0,Mt. Baw Baw,6837.0,85291,0.39,-3.46,4.39
2018.0,12.0,Mt. Baw Baw,10011.0,85291,3.01,-2.87,1.91
2018.0,13.0,Mt. Baw Baw,6751.0,85291,3.1,-1.29,2.6
2018.0,14.0,Mt. Baw Baw,5793.0,85291,7.89,0.19,0.37
2018.0,15.0,Mt. Baw Baw,4064.0,85291,3.43,-2.06,2.69
2019.0,1.0,Mt. Baw Baw,6393.0,85291,6.47,2.43,2.87
2019.0,2.0,Mt. Baw Baw,4311.0,85291,1.34,-1.91,4.17
2019.0,3.0,Mt. Baw Baw,5341.0,85291,6.04,0.51,0.03
2019.0,4.0,Mt. Baw Baw,6645.0,85291,3.79,-0.81,2.06
2019.0,5.0,Mt. Baw Baw,10595.0,85291,1.98,-1.09,3.29
2019.0,6.0,Mt. Baw Baw,9056.0,85291,1.94,-2.16,3.49
2019.0,7.0,Mt. Baw Baw,9515.0,85291,3.17,-1.14,2.07
2019.0,8.0,Mt. Baw Baw,10134.0,85291,3.69,-1.73,1.69
2019.0,9.0,Mt. Baw Baw,10039.0,85291,0.73,-2.61,1.17
2019.0,10.0,Mt. Baw Baw,4004.0,85291,1.77,-2.64,3.23
2019.0,11.0,Mt. Baw Baw,12128.0,85291,3.79,-2.61,5.51
2019.0,12.0,Mt. Baw Baw,10255.0,85291,3.4,-2.64,0.91
2019.0,13.0,Mt. Baw Baw,8502.0,85291,5.6,0.5,1.31
2019.0,14.0,Mt. Baw Baw,6878.0,85291,5.47,-1.76,0.46
2019.0,15.0,Mt. Baw Baw,6089.0,85291,7.31,-1.99,1.51
2020.0,1.0,Mt. Baw Baw,1074.0,85291,5.36,0.14,0.43
2020.0,2.0,Mt. Baw Baw,544.0,85291,3.61,0.21,2.89
2020.0,3.0,Mt. Baw Baw,603.0,85291,3.27,-1.43,1.34
2020.0,4.0,Mt. Baw Baw,2168.0,85291,2.42,-1.37,3.17
2020.0,5.0,Mt. Baw Baw,4055.0,85291,3.93,-0.07,1.34
2020.0,6.0,Mt. Baw Baw,2945.0,85291,3.69,-0.88,0.77
2020.0,7.0,Mt. Baw Baw,1149.0,85291,3.51,-1.03,3.4
2020.0,8.0,Mt. Baw Baw,941.0,85291,6.08,-0.29,1.31
2020.0,9.0,Mt. Baw Baw,834.0,85291,1.37,-3.8,4.34
2020.0,10.0,Mt. Baw Baw,0.0,85291,4.71,0.53,1.4
2020.0,11.0,Mt. Baw Baw,0.0,85291,-0.37,-2.84,6.94
2020.0,12.0,Mt. Baw Baw,0.0,85291,3.49,-1.57,2.14
2020.0,13.0,Mt. Baw Baw,0.0,85291,8.3,-0.63,2.0
2020.0,14.0,Mt. Baw Baw,0.0,85291,8.04,0.94,0.76
2020.0,15.0,Mt. Baw Baw,0.0,85291,8.83,1.01,0.16
2021.0,1.0,Mt. Baw Baw,334.0,85291,4.56,-0.6,1.77
2021.0,2.0,Mt. Baw Baw,941.0,85291,2.86,-0.47,0.89
2021.0,3.0,Mt. Baw Baw,2614.0,85291,4.26,-0.04,4.11
2021.0,4.0,Mt. Baw Baw,8833.0,85291,1.66,-1.43,3.09
2021.0,5.0,Mt. Baw Baw,11910.0,85291,3.41,-1.3,0.2
2021.0,6.0,Mt. Baw Baw,2430.0,85291,1.01,-1.64,3.66
2021.0,7.0,Mt. Baw Baw,3.0,85291,0.86,-3.19,2.57
2021.0,8.0,Mt. Baw Baw,3274.0,85291,1.96,-1.79,1.97
2021.0,9.0,Mt. Baw Baw,1757.0,85291,2.63,-1.07,2.57
2021.0,10.0,Mt. Baw Baw,2392.0,85291,3.37,-0.73,2.03
2021.0,11.0,Mt. Baw Baw,1948.0,85291,4.63,0.07,0.91
2021.0,12.0,Mt. Baw Baw,0.0,85291,2.69,-1.63,1.63
2021.0,13.0,Mt. Baw Baw,0.0,85291,7.03,-0.54,0.26
2021.0,14.0,Mt. Baw Baw,176.0,85291,6.43,-1.33,1.89
2021.0,15.0,Mt. Baw Baw,475.0,85291,4.11,-1.69,0.97
2022.0,1.0,Mt. Baw Baw,8513.0,85291,1.14,-1.71,0.29
2022.0,2.0,Mt. Baw Baw,6516.0,85291,3.37,0.3,1.91
2022.0,3.0,Mt. Baw Baw,5609.0,85291,2.7,-1.06,1.77
2022.0,4.0,Mt. Baw Baw,10614.0,85291,4.66,-1.63,0.0
2022.0,5.0,Mt. Baw Baw,11092.0,85291,0.57,-1.34,2.63
2022.0,6.0,Mt. Baw Baw,9082.0,85291,0.76,-3.57,6.14
2022.0,7.0,Mt. Baw Baw,8570.0,85291,4.96,-0.2,1.77
2022.0,8.0,Mt. Baw Baw,7825.0,85291,2.14,-2.56,2.51
2022.0,9.0,Mt. Baw Baw,7810.0,85291,2.41,-1.07,4.23
2022.0,10.0,Mt. Baw Baw,6587.0,85291,3.4,-0.74,0.91
2022.0,11.0,Mt. Baw Baw,7939.0,85291,1.63,-2.61,1.31
2022.0,12.0,Mt. Baw Baw,6782.0,85291,6.64,0.19,3.43
2022.0,13.0,Mt. Baw Baw,4750.0,85291,4.53,-2.23,1.43
2022.0,14.0,Mt. Baw Baw,3009.0,85291,2.56,-0.76,1.74
2022.0,15.0,Mt. Baw Baw,2262.0,85291,5.47,0.0,1.86
2023.0,1.0,Mt. Baw Baw,1218.0,85291,2.47,-1.13,2.2
2023.0,2.0,Mt. Baw Baw,2458.0,85291,1.16,-2.29,3.97
2023.0,3.0,Mt. Baw Baw,7129.0,85291,0.63,-1.64,3.06
2023.0,4.0,Mt. Baw Baw,17116.0,85291,3.73,-0.16,3.8
2023.0,5.0,Mt. Baw Baw,14690.0,85291,3.1,-0.63,3.2
2023.0,6.0,Mt. Baw Baw,9419.0,85291,4.56,-0.77,1.71
2023.0,7.0,Mt. Baw Baw,10343.0,85291,5.01,-0.13,2.8
2023.0,8.0,Mt. Baw Baw,10041.0,85291,5.8,1.06,1.43
2023.0,9.0,Mt. Baw Baw,7015.0,85291,5.26,0.14,1.69
2023.0,10.0,Mt. Baw Baw,7481.0,85291,1.91,-1.93,2.83
2023.0,11.0,Mt. Baw Baw,4999.0,85291,5.44,-0.57,0.94
2023.0,12.0,Mt. Baw Baw,3680.0,85291,7.04,2.09,0.94
2023.0,13.0,Mt. Baw Baw,1265.0,85291,8.66,-0.21,0.37
2023.0,14.0,Mt. Baw Baw,0.0,85291,2.74,-0.97,1.94
2023.0,15.0,Mt. Baw Baw,0.0,85291,5.36,0.8,0.17
2024.0,1.0,Mt. Baw Baw,1558.0,85291,1.81,-1.5,2.23
2024.0,2.0,Mt. Baw Baw,1546.0,85291,1.77,-2.76,2.46
2024.0,3.0,Mt. Baw Baw,1695.0,85291,3.06,-1.0,1.43
2024.0,4.0,Mt. Baw Baw,4457.0,85291,3.16,-2.0,1.83
2024.0,5.0,Mt. Baw Baw,11079.0,85291,4.06,0.76,2.0
2024.0,6.0,Mt. Baw Baw,9830.0,85291,0.44,-2.69,3.03
2024.0,7.0,Mt. Baw Baw,9456.0,85291,3.31,-0.51,1.51
2024.0,8.0,Mt. Baw Baw,8513.0,85291,4.26,-2.06,1.4
2024.0,9.0,Mt. Baw Baw,9635.0,85291,3.94,-0.56,0.14
2024.0,10.0,Mt. Baw Baw,8121.0,85291,8.89,3.19,0.63
2024.0,11.0,Mt. Baw Baw,5977.0,85291,6.16,1.49,3.74
2024.0,12.0,Mt. Baw Baw,3597.0,85291,5.43,0.93,3.37
2024.0,13.0,Mt. Baw Baw,1500.0,85291,7.14,-0.1,4.34
2024.0,14.0,Mt. Baw Baw,0.0,85291,5.63,0.09,0.37
2024.0,15.0,Mt. Baw Baw,0.0,85291,2.09,-2.03,3.66
2014.0,1.0,Mt. Stirling,60.0,83024,4.27,-0.01,2.71
2014.0,2.0,Mt. Stirling,42.0,83024,5.26,-0.34,1.09
2014.0,3.0,Mt. Stirling,30.0,83024,0.39,-2.51,1.43
2014.0,4.0,Mt. Stirling,165.0,83024,0.96,-1.86,3.71
2014.0,5.0,Mt. Stirling,645.0,83024,-0.29,-3.4,5.23
2014.0,6.0,Mt. Stirling,1316.0,83024,-1.0,-3.59,3.31
2014.0,7.0,Mt. Stirling,684.0,83024,2.37,-1.51,1.49
2014.0,8.0,Mt. Stirling,1250.0,83024,0.44,-2.99,3.66
2014.0,9.0,Mt. Stirling,1280.0,83024,1.16,-3.51,0.94
2014.0,10.0,Mt. Stirling,1653.0,83024,3.71,-3.87,0.71
2014.0,11.0,Mt. Stirling,902.0,83024,4.31,-0.33,0.06
2014.0,12.0,Mt. Stirling,847.0,83024,7.09,1.17,0.09
2014.0,13.0,Mt. Stirling,522.0,83024,4.41,-1.7,1.0
2014.0,14.0,Mt. Stirling,267.0,83024,5.27,0.27,2.2
2014.0,15.0,Mt. Stirling,66.0,83024,4.84,-1.51,2.97
2015.0,1.0,Mt. Stirling,39.0,83024,6.5,0.19,0.14
2015.0,2.0,Mt. Stirling,63.0,83024,2.8,-1.93,1.14
2015.0,3.0,Mt. Stirling,51.0,83024,6.41,-0.56,0.09
2015.0,4.0,Mt. Stirling,27.0,83024,-0.09,-3.89,1.69
2015.0,5.0,Mt. Stirling,69.0,83024,0.63,-3.01,6.54
2015.0,6.0,Mt. Stirling,240.0,83024,-1.14,-5.2,3.69
2015.0,7.0,Mt. Stirling,714.0,83024,0.23,-2.47,2.03
2015.0,8.0,Mt. Stirling,558.0,83024,-0.01,-4.33,3.26
2015.0,9.0,Mt. Stirling,1218.0,83024,-0.63,-4.63,3.66
2015.0,10.0,Mt. Stirling,1371.0,83024,0.26,-2.23,4.39
2015.0,11.0,Mt. Stirling,1146.0,83024,3.14,-1.86,0.4
2015.0,12.0,Mt. Stirling,744.0,83024,2.13,-2.83,0.86
2015.0,13.0,Mt. Stirling,618.0,83024,3.49,-1.31,1.93
2015.0,14.0,Mt. Stirling,429.0,83024,7.19,0.26,2.0
2015.0,15.0,Mt. Stirling,249.0,83024,6.51,-0.29,1.77
2016.0,1.0,Mt. Stirling,39.0,83024,5.4,-0.86,0.86
2016.0,2.0,Mt. Stirling,36.0,83024,3.41,0.3,3.14
2016.0,3.0,Mt. Stirling,186.0,83024,-1.07,-4.24,0.94
2016.0,4.0,Mt. Stirling,480.0,83024,0.0,-2.01,5.69
2016.0,5.0,Mt. Stirling,711.0,83024,0.66,-1.11,2.49
2016.0,6.0,Mt. Stirling,840.0,83024,5.2,-1.19,0.91
2016.0,7.0,Mt. Stirling,694.0,83024,0.93,-2.84,2.51
2016.0,8.0,Mt. Stirling,1326.0,83024,0.33,-2.23,4.77
2016.0,9.0,Mt. Stirling,1122.0,83024,1.56,-2.93,0.09
2016.0,10.0,Mt. Stirling,1149.0,83024,2.47,-1.86,2.14
2016.0,11.0,Mt. Stirling,708.0,83024,1.73,-1.89,0.71
2016.0,12.0,Mt. Stirling,735.0,83024,1.89,-2.67,0.34
2016.0,13.0,Mt. Stirling,198.0,83024,6.51,-0.14,2.26
2016.0,14.0,Mt. Stirling,102.0,83024,4.64,1.11,2.14
2016.0,15.0,Mt. Stirling,87.0,83024,3.0,-2.07,3.17
2017.0,1.0,Mt. Stirling,96.0,83024,7.01,0.43,0.0
2017.0,2.0,Mt. Stirling,33.0,83024,6.34,0.7,0.0
2017.0,3.0,Mt. Stirling,72.0,83024,-0.53,-3.24,1.49
2017.0,4.0,Mt. Stirling,132.0,83024,1.23,-2.99,2.23
2017.0,5.0,Mt. Stirling,162.0,83024,-0.47,-3.11,4.2
2017.0,6.0,Mt. Stirling,387.0,83024,-0.81,-3.9,4.26
2017.0,7.0,Mt. Stirling,962.0,83024,0.76,-3.14,3.83
2017.0,8.0,Mt. Stirling,702.0,83024,2.53,-2.04,2.4
2017.0,9.0,Mt. Stirling,1176.0,83024,0.54,-2.49,3.89
2017.0,10.0,Mt. Stirling,1317.0,83024,2.14,-0.6,3.34
2017.0,11.0,Mt. Stirling,1452.0,83024,-0.97,-4.63,2.09
2017.0,12.0,Mt. Stirling,936.0,83024,0.64,-5.6,1.34
2017.0,13.0,Mt. Stirling,897.0,83024,1.36,-3.01,2.94
2017.0,14.0,Mt. Stirling,1023.0,83024,2.13,-2.63,3.89
2017.0,15.0,Mt. Stirling,408.0,83024,4.83,-2.81,0.89
2018.0,1.0,Mt. Stirling,192.0,83024,2.06,-1.17,0.89
2018.0,2.0,Mt. Stirling,180.0,83024,-0.13,-3.44,3.83
2018.0,3.0,Mt. Stirling,339.0,83024,2.29,-2.49,0.31
2018.0,4.0,Mt. Stirling,474.0,83024,2.04,-1.9,2.09
2018.0,5.0,Mt. Stirling,810.0,83024,0.84,-3.83,1.66
2018.0,6.0,Mt. Stirling,1086.0,83024,0.26,-4.1,2.97
2018.0,7.0,Mt. Stirling,1269.0,83024,-0.01,-3.5,3.06
2018.0,8.0,Mt. Stirling,1128.0,83024,1.21,-2.66,3.31
2018.0,9.0,Mt. Stirling,1719.0,83024,0.7,-3.44,5.14
2018.0,10.0,Mt. Stirling,1860.0,83024,-0.16,-3.14,2.43
2018.0,11.0,Mt. Stirling,1452.0,83024,-1.19,-4.63,4.54
2018.0,12.0,Mt. Stirling,1374.0,83024,1.77,-4.84,0.49
2018.0,13.0,Mt. Stirling,913.0,83024,2.47,-2.7,3.83
2018.0,14.0,Mt. Stirling,498.0,83024,6.21,-0.26,1.06
2018.0,15.0,Mt. Stirling,258.0,83024,1.81,-3.44,2.6
2019.0,1.0,Mt. Stirling,237.0,83024,4.03,0.57,1.46
2019.0,2.0,Mt. Stirling,81.0,83024,0.44,-3.69,3.06
2019.0,3.0,Mt. Stirling,126.0,83024,4.74,-0.73,1.97
2019.0,4.0,Mt. Stirling,63.0,83024,2.74,-1.66,1.11
2019.0,5.0,Mt. Stirling,123.0,83024,0.71,-1.83,3.6
2019.0,6.0,Mt. Stirling,318.0,83024,0.84,-3.47,2.8
2019.0,7.0,Mt. Stirling,675.0,83024,2.09,-2.29,2.4
2019.0,8.0,Mt. Stirling,858.0,83024,4.27,-1.23,1.34
2019.0,9.0,Mt. Stirling,924.0,83024,0.14,-3.59,2.6
2019.0,10.0,Mt. Stirling,909.0,83024,0.87,-4.1,3.29
2019.0,11.0,Mt. Stirling,1455.0,83024,3.0,-3.71,1.17
2019.0,12.0,Mt. Stirling,1542.0,83024,2.86,-4.06,2.4
2019.0,13.0,Mt. Stirling,1083.0,83024,4.7,-0.3,3.97
2019.0,14.0,Mt. Stirling,522.0,83024,4.2,-2.61,2.51
2019.0,15.0,Mt. Stirling,363.0,83024,6.06,-0.66,0.51
2020.0,1.0,Mt. Stirling,126.0,83024,4.4,-0.56,0.11
2020.0,2.0,Mt. Stirling,27.0,83024,2.41,-0.14,3.94
2020.0,3.0,Mt. Stirling,24.0,83024,2.26,-2.29,1.2
2020.0,4.0,Mt. Stirling,93.0,83024,1.26,-2.31,2.66
2020.0,5.0,Mt. Stirling,171.0,83024,2.27,-0.7,2.46
2020.0,6.0,Mt. Stirling,438.0,83024,3.83,-2.19,0.71
2020.0,7.0,Mt. Stirling,108.0,83024,5.0,0.07,0.54
2020.0,8.0,Mt. Stirling,127.0,83024,5.81,-0.53,0.14
2020.0,9.0,Mt. Stirling,98.0,83024,0.8,-4.34,2.46
2020.0,10.0,Mt. Stirling,9.0,83024,3.23,-0.17,2.63
2020.0,11.0,Mt. Stirling,0.0,83024,-1.06,-3.69,4.46
2020.0,12.0,Mt. Stirling,0.0,83024,2.5,-3.29,3.57
2020.0,13.0,Mt. Stirling,0.0,83024,4.97,-1.1,0.71
2020.0,14.0,Mt. Stirling,0.0,83024,8.94,1.7,1.46
2020.0,15.0,Mt. Stirling,0.0,83024,9.67,1.11,0.54
2021.0,1.0,Mt. Stirling,216.0,83024,2.79,-1.5,1.63
2021.0,2.0,Mt. Stirling,69.0,83024,2.63,-1.8,2.09
2021.0,3.0,Mt. Stirling,99.0,83024,2.8,-1.04,2.54
2021.0,4.0,Mt. Stirling,315.0,83024,0.53,-2.63,3.11
2021.0,5.0,Mt. Stirling,697.0,83024,2.13,-2.24,1.57
2021.0,6.0,Mt. Stirling,103.0,83024,0.39,-2.7,1.23
2021.0,7.0,Mt. Stirling,0.0,83024,-0.36,-3.97,0.14
2021.0,8.0,Mt. Stirling,468.0,83024,0.4,-2.9,1.0
2021.0,9.0,Mt. Stirling,774.0,83024,1.27,-2.26,1.06
2021.0,10.0,Mt. Stirling,834.0,83024,1.86,-1.59,2.6
2021.0,11.0,Mt. Stirling,0.0,83024,2.76,-1.04,2.63
2021.0,12.0,Mt. Stirling,0.0,83024,1.4,-2.77,2.37
2021.0,13.0,Mt. Stirling,15.0,83024,6.06,-1.07,0.0
2021.0,14.0,Mt. Stirling,33.0,83024,6.47,-0.54,0.0
2021.0,15.0,Mt. Stirling,618.0,83024,3.61,-1.93,0.0
2022.0,1.0,Mt. Stirling,1038.0,83024,0.03,-3.2,1.29
2022.0,2.0,Mt. Stirling,711.0,83024,2.34,-1.06,2.57
2022.0,3.0,Mt. Stirling,426.0,83024,2.21,-1.97,2.83
2022.0,4.0,Mt. Stirling,984.0,83024,6.24,-0.24,0.0
2022.0,5.0,Mt. Stirling,1071.0,83024,0.14,-2.87,2.11
2022.0,6.0,Mt. Stirling,660.0,83024,0.07,-5.23,3.03
2022.0,7.0,Mt. Stirling,1158.0,83024,2.9,-0.5,3.71
2022.0,8.0,Mt. Stirling,1032.0,83024,1.01,-2.99,1.46
2022.0,9.0,Mt. Stirling,819.0,83024,1.14,-1.73,5.09
2022.0,10.0,Mt. Stirling,1314.0,83024,2.37,-1.87,2.29
2022.0,11.0,Mt. Stirling,1577.0,83024,0.43,-3.24,3.63
2022.0,12.0,Mt. Stirling,975.0,83024,5.69,-0.4,1.77
2022.0,13.0,Mt. Stirling,609.0,83024,3.13,-1.81,1.6
2022.0,14.0,Mt. Stirling,357.0,83024,1.97,-1.73,4.71
2022.0,15.0,Mt. Stirling,85.0,83024,2.9,-1.39,3.29
2023.0,1.0,Mt. Stirling,54.0,83024,1.19,-1.51,1.26
2023.0,2.0,Mt. Stirling,82.0,83024,-0.34,-3.2,0.43
2023.0,3.0,Mt. Stirling,422.0,83024,-0.2,-2.59,1.37
2023.0,4.0,Mt. Stirling,710.0,83024,2.97,-0.9,1.89
2023.0,5.0,Mt. Stirling,678.0,83024,1.59,-1.44,0.26
2023.0,6.0,Mt. Stirling,844.0,83024,3.83,-1.57,0.29
2023.0,7.0,Mt. Stirling,589.0,83024,3.84,-1.63,1.94
2023.0,8.0,Mt. Stirling,673.0,83024,3.87,0.26,4.23
2023.0,9.0,Mt. Stirling,1387.0,83024,4.86,-0.23,0.34
2023.0,10.0,Mt. Stirling,1495.0,83024,2.1,-2.9,3.57
2023.0,11.0,Mt. Stirling,2050.0,83024,4.7,-0.94,2.66
2023.0,12.0,Mt. Stirling,906.0,83024,6.57,0.81,1.44
2023.0,13.0,Mt. Stirling,1069.0,83024,7.24,-0.79,3.74
2023.0,14.0,Mt. Stirling,0.0,83024,4.29,-1.74,0.11
2023.0,15.0,Mt. Stirling,0.0,83024,4.0,0.44,0.57
2024.0,1.0,Mt. Stirling,0.0,83024,3.66,-2.4,3.23
2024.0,2.0,Mt. Stirling,12.0,83024,2.33,-3.34,0.37
2024.0,3.0,Mt. Stirling,106.0,83024,1.5,-1.97,1.51
2024.0,4.0,Mt. Stirling,122.0,83024,2.76,-2.74,2.6
2024.0,5.0,Mt. Stirling,426.0,83024,2.23,-1.11,3.31
2024.0,6.0,Mt. Stirling,122.0,83024,-0.4,-3.89,0.77
2024.0,7.0,Mt. Stirling,1403.0,83024,1.49,-2.06,3.09
2024.0,8.0,Mt. Stirling,1596.0,83024,1.83,-3.79,2.49
2024.0,9.0,Mt. Stirling,2097.0,83024,2.03,-1.7,1.17
2024.0,10.0,Mt. Stirling,1632.0,83024,6.13,2.27,1.74
2024.0,11.0,Mt. Stirling,1416.0,83024,4.89,0.83,4.2
2024.0,12.0,Mt. Stirling,701.0,83024,4.26,0.16,3.29
2024.0,13.0,Mt. Stirling,213.0,83024,6.1,-0.67,3.77
2024.0,14.0,Mt. Stirling,0.0,83024,5.73,-0.57,1.63
2024.0,15.0,Mt. Stirling,0.0,83024,2.07,-3.19,2.23
2014.0,1.0,Mt. Hotham,3483.0,83085,3.46,-1.14,2.34
2014.0,2.0,Mt. Hotham,1253.0,83085,3.0,-1.26,1.86
2014.0,3.0,Mt. Hotham,2992.0,83085,-0.9,-3.29,0.74
2014.0,4.0,Mt. Hotham,9680.0,83085,-0.99,-3.47,0.09
2014.0,5.0,Mt. Hotham,29628.0,83085,-1.84,-4.0,0.46
2014.0,6.0,Mt. Hotham,36665.0,83085,-1.96,-4.44,0.09
2014.0,7.0,Mt. Hotham,26465.0,83085,0.13,-3.24,1.63
2014.0,8.0,Mt. Hotham,21679.0,83085,-0.94,-3.96,1.14
2014.0,9.0,Mt. Hotham,31019.0,83085,0.7,-3.76,0.43
2014.0,10.0,Mt. Hotham,30360.0,83085,1.66,-5.49,0.69
2014.0,11.0,Mt. Hotham,35923.0,83085,2.7,-1.27,0.66
2014.0,12.0,Mt. Hotham,32657.0,83085,5.49,-0.46,1.34
2014.0,13.0,Mt. Hotham,28855.0,83085,1.46,-3.47,0.89
2014.0,14.0,Mt. Hotham,18708.0,83085,4.19,-0.96,3.11
2014.0,15.0,Mt. Hotham,11117.0,83085,3.54,-2.74,1.86
2015.0,1.0,Mt. Hotham,4997.0,83085,5.0,-3.37,0.27
2015.0,5.0,Mt. Hotham,22318.0,83085,-0.68,-4.18,0.0
2015.0,6.0,Mt. Hotham,27894.0,83085,-2.73,-5.87,0.0
2015.0,7.0,Mt. Hotham,22620.0,83085,-0.73,-3.26,1.83
2015.0,8.0,Mt. Hotham,17562.0,83085,-1.3,-4.16,0.0
2015.0,9.0,Mt. Hotham,27850.0,83085,-2.1,-5.74,0.11
2015.0,10.0,Mt. Hotham,31159.0,83085,-1.09,-2.99,1.23
2015.0,11.0,Mt. Hotham,35122.0,83085,1.39,-3.86,3.2
2015.0,12.0,Mt. Hotham,30754.0,83085,1.63,-3.69,2.77
2015.0,13.0,Mt. Hotham,25367.0,83085,4.45,-2.35,0.1
2016.0,1.0,Mt. Hotham,4590.0,83085,4.21,-1.27,0.31
2016.0,2.0,Mt. Hotham,1860.0,83085,2.17,-0.43,2.91
2016.0,3.0,Mt. Hotham,8368.0,83085,-2.13,-5.69,0.14
2016.0,4.0,Mt. Hotham,17433.0,83085,-0.67,-3.03,0.03
2016.0,5.0,Mt. Hotham,21302.0,83085,-0.27,-2.16,0.63
2016.0,6.0,Mt. Hotham,25173.0,83085,2.3,-2.6,1.83
2016.0,7.0,Mt. Hotham,20774.0,83085,-0.21,-3.51,0.17
2016.0,8.0,Mt. Hotham,19557.0,83085,-0.7,-2.48,0.85
2016.0,11.0,Mt. Hotham,31774.0,83085,0.29,-2.93,3.34
2016.0,12.0,Mt. Hotham,28211.0,83085,0.7,-4.03,1.86
2016.0,13.0,Mt. Hotham,20295.0,83085,5.71,-0.49,3.69
2016.0,14.0,Mt. Hotham,14224.0,83085,4.03,0.81,3.57
2016.0,15.0,Mt. Hotham,10134.0,83085,1.7,-2.79,3.67
2017.0,1.0,Mt. Hotham,6288.0,83085,6.39,-0.49,0.26
2017.0,2.0,Mt. Hotham,2644.0,83085,5.61,0.34,0.0
2017.0,3.0,Mt. Hotham,5756.0,83085,-1.1,-3.93,2.46
2017.0,4.0,Mt. Hotham,17281.0,83085,1.84,-3.82,0.48
2018.0,1.0,Mt. Hotham,6271.0,83085,1.03,-1.97,0.51
2018.0,2.0,Mt. Hotham,3489.0,83085,-1.46,-4.89,0.14
2018.0,3.0,Mt. Hotham,6911.0,83085,-0.51,-4.54,2.0
2018.0,4.0,Mt. Hotham,17524.0,83085,1.0,-3.07,1.89
2018.0,5.0,Mt. Hotham,31435.0,83085,0.14,-4.6,0.97
2018.0,6.0,Mt. Hotham,37737.0,83085,-0.73,-5.4,0.14
2018.0,7.0,Mt. Hotham,25157.0,83085,-1.26,-4.86,0.43
2018.0,8.0,Mt. Hotham,24150.0,83085,0.59,-3.71,2.23
2018.0,9.0,Mt. Hotham,30515.0,83085,-1.03,-4.61,1.46
2018.0,10.0,Mt. Hotham,33527.0,83085,-1.04,-4.19,3.29
2018.0,11.0,Mt. Hotham,38115.0,83085,-2.01,-4.8,0.06
2018.0,12.0,Mt. Hotham,35284.0,83085,-1.99,-5.4,3.46
2018.0,13.0,Mt. Hotham,28187.0,83085,0.71,-4.11,2.57
2018.0,14.0,Mt. Hotham,21947.0,83085,5.54,-0.97,0.29
2018.0,15.0,Mt. Hotham,15320.0,83085,1.6,-4.16,0.57
2019.0,2.0,Mt. Hotham,3019.0,83085,-2.5,-5.7,0.0
2019.0,3.0,Mt. Hotham,5820.0,83085,4.17,-1.83,0.06
2019.0,4.0,Mt. Hotham,13150.0,83085,1.01,-2.84,0.09
2019.0,5.0,Mt. Hotham,26572.0,83085,-0.16,-2.73,0.09
2019.0,6.0,Mt. Hotham,36382.0,83085,-0.51,-4.56,0.11
2019.0,7.0,Mt. Hotham,23978.0,83085,0.83,-3.49,0.17
2019.0,8.0,Mt. Hotham,24998.0,83085,2.95,-2.36,0.09
2019.0,9.0,Mt. Hotham,31360.0,83085,1.52,-4.1,0.0
2019.0,12.0,Mt. Hotham,37905.0,83085,2.4,-3.8,0.0
2020.0,5.0,Mt. Hotham,9325.0,83085,0.3,-1.08,4.9
2020.0,6.0,Mt. Hotham,15316.0,83085,0.87,-3.31,0.74
2020.0,7.0,Mt. Hotham,8953.0,83085,3.73,-1.84,0.34
2020.0,8.0,Mt. Hotham,4401.0,83085,4.06,-1.57,0.26
2020.0,9.0,Mt. Hotham,3476.0,83085,-0.61,-5.14,1.46
2020.0,10.0,Mt. Hotham,1043.0,83085,2.14,-1.1,2.43
2020.0,11.0,Mt. Hotham,0.0,83085,-1.71,-4.47,5.86
2020.0,12.0,Mt. Hotham,0.0,83085,0.93,-4.24,0.43
2020.0,13.0,Mt. Hotham,0.0,83085,3.91,-1.79,0.17
2020.0,14.0,Mt. Hotham,0.0,83085,7.31,0.73,2.26
2020.0,15.0,Mt. Hotham,0.0,83085,8.79,1.67,0.97
2021.0,1.0,Mt. Hotham,3992.0,83085,1.14,-2.31,3.26
2021.0,2.0,Mt. Hotham,9086.0,83085,0.53,-2.7,0.49
2021.0,3.0,Mt. Hotham,16742.0,83085,1.06,-2.21,1.03
2021.0,4.0,Mt. Hotham,28047.0,83085,-0.3,-3.39,1.8
2021.0,5.0,Mt. Hotham,35270.0,83085,0.49,-3.49,0.26
2021.0,6.0,Mt. Hotham,13693.0,83085,-0.54,-3.57,4.34
2021.0,7.0,Mt. Hotham,6750.0,83085,-1.44,-4.56,3.54
2021.0,8.0,Mt. Hotham,18858.0,83085,-0.23,-3.6,2.6
2021.0,9.0,Mt. Hotham,27982.0,83085,0.59,-3.11,2.06
2021.0,10.0,Mt. Hotham,16215.0,83085,0.47,-2.57,1.71
2021.0,11.0,Mt. Hotham,15773.0,83085,1.44,-1.77,0.11
2021.0,12.0,Mt. Hotham,4200.0,83085,0.26,-3.51,1.57
2021.0,13.0,Mt. Hotham,4200.0,83085,4.6,-1.16,0.46
2021.0,14.0,Mt. Hotham,5617.0,83085,3.36,-1.47,0.43
2021.0,15.0,Mt. Hotham,11309.0,83085,1.93,-2.6,0.8
2022.0,1.0,Mt. Hotham,16726.0,83085,-1.06,-4.37,0.11
2022.0,2.0,Mt. Hotham,17273.0,83085,0.9,-1.79,2.43
2022.0,3.0,Mt. Hotham,17846.0,83085,1.73,-3.09,5.11
2022.0,4.0,Mt. Hotham,32710.0,83085,2.1,-4.23,0.4
2022.0,5.0,Mt. Hotham,39827.0,83085,-1.1,-3.97,0.71
2022.0,6.0,Mt. Hotham,34135.0,83085,-1.46,-6.1,0.09
2022.0,7.0,Mt. Hotham,34204.0,83085,1.76,-2.26,2.54
2022.0,8.0,Mt. Hotham,32560.0,83085,0.27,-4.3,2.86
2022.0,10.0,Mt. Hotham,37253.0,83085,1.3,-2.5,5.5
2022.0,11.0,Mt. Hotham,34672.0,83085,-0.3,-4.19,4.66
2022.0,12.0,Mt. Hotham,33389.0,83085,4.1,-1.12,2.36
2023.0,1.0,Mt. Hotham,5318.0,83085,0.43,-2.33,0.2
2023.0,4.0,Mt. Hotham,33179.0,83085,2.87,-1.3,2.2
2023.0,5.0,Mt. Hotham,34315.0,83085,0.33,-2.23,0.57
2023.0,6.0,Mt. Hotham,44648.0,83085,1.41,-2.46,0.54
2023.0,7.0,Mt. Hotham,35497.0,83085,2.21,-2.2,0.31
2023.0,8.0,Mt. Hotham,34086.0,83085,2.87,-0.51,2.86
2023.0,9.0,Mt. Hotham,34067.0,83085,3.63,-1.1,0.14
2023.0,10.0,Mt. Hotham,35521.0,83085,0.8,-3.54,1.97
2023.0,11.0,Mt. Hotham,37115.0,83085,3.91,-1.56,2.49
2023.0,12.0,Mt. Hotham,30944.0,83085,5.14,0.07,3.23
2023.0,13.0,Mt. Hotham,22969.0,83085,8.35,-0.73,0.2
2024.0,1.0,Mt. Hotham,2079.0,83085,2.11,-3.17,1.63
2024.0,2.0,Mt. Hotham,4269.0,83085,0.46,-4.99,0.03
2024.0,3.0,Mt. Hotham,6033.0,83085,0.59,-2.94,2.54
2024.0,4.0,Mt. Hotham,11558.0,83085,0.36,-4.99,0.06
2024.0,5.0,Mt. Hotham,27353.0,83085,1.76,-1.64,3.89
2024.0,6.0,Mt. Hotham,31258.0,83085,-1.24,-5.14,0.54
2024.0,7.0,Mt. Hotham,36427.0,83085,-0.11,-2.77,1.03
2024.0,8.0,Mt. Hotham,24401.0,83085,-0.27,-5.57,1.03
2024.0,9.0,Mt. Hotham,25904.0,83085,1.37,-3.39,0.97
2024.0,10.0,Mt. Hotham,25139.0,83085,4.86,1.37,0.14
2024.0,11.0,Mt. Hotham,24260.0,83085,3.47,-0.06,3.6
2024.0,12.0,Mt. Hotham,19289.0,83085,2.87,-0.61,4.69
2024.0,13.0,Mt. Hotham,14487.0,83085,4.71,-1.36,2.29
2024.0,14.0,Mt. Hotham,2700.0,83085,4.63,-1.0,1.46
2024.0,15.0,Mt. Hotham,0.0,83085,1.67,-4.13,0.74
2014.0,1.0,Falls Creek,2790.0,83084,4.6,-0.3,3.4
2014.0,2.0,Falls Creek,1425.0,83084,4.41,-0.29,1.09
2014.0,3.0,Falls Creek,2101.0,83084,0.1,-2.83,3.51
2014.0,4.0,Falls Creek,9544.0,83084,1.39,-2.69,3.46
2014.0,5.0,Falls Creek,26211.0,83084,-0.73,-3.76,1.94
2014.0,6.0,Falls Creek,33392.0,83084,0.29,-3.96,4.0
2014.0,7.0,Falls Creek,28149.0,83084,3.1,-0.89,1.23
2014.0,8.0,Falls Creek,24565.0,83084,0.19,-3.33,2.29
2014.0,9.0,Falls Creek,28981.0,83084,2.37,-2.57,0.29
2014.0,10.0,Falls Creek,33125.0,83084,3.4,-4.54,0.0
2014.0,11.0,Falls Creek,36486.0,83084,4.43,-0.49,0.63
2014.0,12.0,Falls Creek,34468.0,83084,7.03,0.07,1.29
2014.0,13.0,Falls Creek,30104.0,83084,3.53,-2.1,0.94
2014.0,14.0,Falls Creek,23864.0,83084,5.7,-0.2,0.6
2014.0,15.0,Falls Creek,15869.0,83084,5.77,-1.87,0.43
2015.0,1.0,Falls Creek,4799.0,83084,7.23,0.16,0.03
2015.0,2.0,Falls Creek,3293.0,83084,2.16,-2.03,1.83
2015.0,3.0,Falls Creek,5965.0,83084,7.0,-0.44,1.03
2015.0,4.0,Falls Creek,11758.0,83084,1.37,-3.91,0.46
2015.0,5.0,Falls Creek,20779.0,83084,0.54,-2.97,2.54
2015.0,6.0,Falls Creek,24064.0,83084,-1.27,-5.5,0.83
2015.0,7.0,Falls Creek,27566.0,83084,0.2,-2.34,3.06
2015.0,8.0,Falls Creek,25955.0,83084,-0.4,-3.61,0.63
2015.0,9.0,Falls Creek,31872.0,83084,-0.29,-5.11,0.4
2015.0,10.0,Falls Creek,35417.0,83084,0.94,-2.9,0.91
2015.0,11.0,Falls Creek,37063.0,83084,3.36,-2.1,0.31
2015.0,12.0,Falls Creek,36903.0,83084,2.03,-3.51,3.0
2015.0,13.0,Falls Creek,33126.0,83084,3.24,-1.7,1.57
2015.0,14.0,Falls Creek,28099.0,83084,7.5,-0.03,0.31
2015.0,15.0,Falls Creek,18548.0,83084,5.93,0.09,0.86
2016.0,1.0,Falls Creek,3840.0,83084,5.23,-1.14,2.2
2016.0,2.0,Falls Creek,2176.0,83084,2.99,0.09,2.54
2016.0,3.0,Falls Creek,10297.0,83084,-0.91,-4.67,1.34
2016.0,4.0,Falls Creek,23077.0,83084,0.34,-2.73,3.31
2016.0,5.0,Falls Creek,33309.0,83084,0.83,-1.47,2.69
2016.0,6.0,Falls Creek,38818.0,83084,5.01,-1.03,0.91
2016.0,7.0,Falls Creek,30873.0,83084,0.53,-2.79,1.66
2016.0,8.0,Falls Creek,36692.0,83084,0.0,-2.67,1.03
2016.0,9.0,Falls Creek,40090.0,83084,0.83,-3.13,0.11
2016.0,10.0,Falls Creek,43213.0,83084,2.19,-2.09,0.8
2016.0,11.0,Falls Creek,43213.0,83084,1.04,-2.16,2.43
2016.0,12.0,Falls Creek,43275.0,83084,2.2,-2.86,0.17
2016.0,13.0,Falls Creek,33724.0,83084,6.7,-0.29,0.89
2016.0,14.0,Falls Creek,24144.0,83084,5.61,1.69,1.49
2016.0,15.0,Falls Creek,19696.0,83084,2.6,-2.01,1.91
2017.0,1.0,Falls Creek,5663.0,83084,7.26,0.24,0.0
2017.0,2.0,Falls Creek,3577.0,83084,6.9,1.07,0.0
2017.0,3.0,Falls Creek,7935.0,83084,0.13,-3.41,0.03
2017.0,4.0,Falls Creek,16182.0,83084,2.07,-2.89,0.97
2017.0,5.0,Falls Creek,30745.0,83084,-0.63,-3.59,0.51
2017.0,6.0,Falls Creek,38180.0,83084,-0.64,-4.17,2.8
2017.0,7.0,Falls Creek,30541.0,83084,0.36,-3.71,2.11
2017.0,8.0,Falls Creek,29332.0,83084,2.19,-2.93,0.91
2017.0,9.0,Falls Creek,34784.0,83084,-0.19,-2.99,3.2
2017.0,10.0,Falls Creek,39838.0,83084,1.54,-0.67,1.14
2017.0,11.0,Falls Creek,41643.0,83084,-0.19,-5.0,0.34
2017.0,12.0,Falls Creek,38487.0,83084,0.83,-5.96,2.69
2017.0,13.0,Falls Creek,34745.0,83084,1.31,-3.46,4.34
2017.0,14.0,Falls Creek,28865.0,83084,2.31,-2.44,2.51
2017.0,15.0,Falls Creek,21846.0,83084,4.23,-2.56,1.23
2018.0,1.0,Falls Creek,4735.0,83084,1.93,-1.4,2.66
2018.0,2.0,Falls Creek,3408.0,83084,-0.61,-4.24,0.37
2018.0,3.0,Falls Creek,8450.0,83084,2.49,-3.21,0.0
2018.0,4.0,Falls Creek,16200.0,83084,2.11,-1.99,2.23
2018.0,5.0,Falls Creek,32502.0,83084,0.76,-3.96,0.97
2018.0,6.0,Falls Creek,40750.0,83084,-0.2,-4.77,1.46
2018.0,7.0,Falls Creek,31768.0,83084,-0.41,-4.44,1.46
2018.0,8.0,Falls Creek,29814.0,83084,1.14,-2.36,4.6
2018.0,9.0,Falls Creek,33734.0,83084,0.63,-3.94,3.66
2018.0,10.0,Falls Creek,41774.0,83084,-0.43,-3.7,3.77
2018.0,11.0,Falls Creek,40149.0,83084,-0.66,-4.63,2.11
2018.0,12.0,Falls Creek,38075.0,83084,1.73,-4.94,0.0
2018.0,13.0,Falls Creek,32603.0,83084,0.33,-5.33,2.2
2019.0,1.0,Falls Creek,8702.0,83084,3.86,0.86,3.09
2019.0,2.0,Falls Creek,4257.0,83084,0.03,-4.49,1.11
2019.0,3.0,Falls Creek,7581.0,83084,4.99,-0.96,0.11
2019.0,4.0,Falls Creek,14826.0,83084,2.09,-2.23,0.43
2019.0,5.0,Falls Creek,31088.0,83084,0.37,-2.16,3.77
2019.0,6.0,Falls Creek,37988.0,83084,0.41,-3.97,3.17
2019.0,7.0,Falls Creek,33409.0,83084,2.27,-2.76,0.29
2019.0,8.0,Falls Creek,31157.0,83084,4.3,-1.99,1.8
2019.0,9.0,Falls Creek,34471.0,83084,0.57,-3.91,4.83
2019.0,10.0,Falls Creek,39514.0,83084,-0.07,-4.27,3.09
2019.0,11.0,Falls Creek,40569.0,83084,3.06,-3.81,3.8
2019.0,12.0,Falls Creek,38230.0,83084,3.36,-4.29,1.07
2019.0,13.0,Falls Creek,35090.0,83084,5.16,-0.23,3.2
2019.0,14.0,Falls Creek,30655.0,83084,5.17,-2.34,2.29
2019.0,15.0,Falls Creek,22832.0,83084,6.98,-0.17,1.17
2020.0,1.0,Falls Creek,2905.0,83084,3.97,-0.26,0.43
2020.0,2.0,Falls Creek,1931.0,83084,2.36,-0.26,1.4
2020.0,3.0,Falls Creek,1672.0,83084,2.56,-2.66,2.29
2020.0,4.0,Falls Creek,4208.0,83084,0.99,-3.0,1.63
2020.0,5.0,Falls Creek,7199.0,83084,2.01,-1.06,1.6
2020.0,6.0,Falls Creek,8741.0,83084,1.13,-2.74,1.43
2020.0,7.0,Falls Creek,6964.0,83084,4.43,-0.7,1.37
2020.0,8.0,Falls Creek,3407.0,83084,5.1,-1.54,0.31
2020.0,9.0,Falls Creek,4837.0,83084,0.53,-4.53,1.97
2020.0,10.0,Falls Creek,4869.0,83084,3.1,-0.67,2.26
2020.0,11.0,Falls Creek,0.0,83084,-1.01,-4.27,1.54
2020.0,12.0,Falls Creek,0.0,83084,2.96,-3.54,2.66
2020.0,13.0,Falls Creek,0.0,83084,5.33,-0.99,0.46
2020.0,14.0,Falls Creek,0.0,83084,8.34,1.16,1.57
2020.0,15.0,Falls Creek,0.0,83084,9.53,1.0,1.86
2021.0,1.0,Falls Creek,8585.0,83084,1.76,-1.64,3.23
2021.0,2.0,Falls Creek,13114.0,83084,1.21,-1.99,3.0
2021.0,3.0,Falls Creek,24383.0,83084,2.1,-1.34,3.23
2021.0,4.0,Falls Creek,31297.0,83084,0.66,-2.8,3.37
2021.0,5.0,Falls Creek,36763.0,83084,1.99,-2.33,1.06
2021.0,6.0,Falls Creek,14100.0,83084,-0.17,-2.8,3.29
2021.0,7.0,Falls Creek,7500.0,83084,-0.7,-4.31,0.57
2021.0,8.0,Falls Creek,22133.0,83084,0.61,-2.77,2.29
2021.0,9.0,Falls Creek,9250.0,83084,1.6,-2.6,2.49
2021.0,10.0,Falls Creek,14152.0,83084,1.8,-2.16,1.6
2021.0,11.0,Falls Creek,16893.0,83084,2.74,-1.11,1.71
2021.0,12.0,Falls Creek,10746.0,83084,0.97,-2.99,3.74
2021.0,13.0,Falls Creek,7505.0,83084,5.44,-0.36,4.0
2021.0,14.0,Falls Creek,7698.0,83084,4.5,-1.07,1.4
2021.0,15.0,Falls Creek,5282.0,83084,2.89,-2.0,0.89
2022.0,1.0,Falls Creek,16216.0,83084,0.34,-4.34,2.54
2022.0,2.0,Falls Creek,11828.0,83084,2.39,-1.41,3.29
2022.0,3.0,Falls Creek,21374.0,83084,2.14,-2.63,5.83
2022.0,4.0,Falls Creek,31895.0,83084,2.61,-3.56,1.09
2022.0,5.0,Falls Creek,36797.0,83084,-0.5,-3.8,1.34
2022.0,6.0,Falls Creek,40770.0,83084,-0.31,-5.77,0.71
2022.0,7.0,Falls Creek,38308.0,83084,2.79,-1.3,2.86
2022.0,8.0,Falls Creek,35915.0,83084,0.94,-3.57,2.77
2022.0,9.0,Falls Creek,39378.0,83084,0.9,-2.61,4.4
2022.0,10.0,Falls Creek,41541.0,83084,1.01,-2.07,2.06
2022.0,11.0,Falls Creek,44226.0,83084,0.26,-3.63,5.0
2022.0,12.0,Falls Creek,44959.0,83084,4.24,-0.91,4.14
2022.0,13.0,Falls Creek,35811.0,83084,3.16,-3.14,0.17
2022.0,14.0,Falls Creek,30281.0,83084,1.73,-2.46,2.83
2022.0,15.0,Falls Creek,26821.0,83084,2.63,-1.59,5.29
2023.0,1.0,Falls Creek,7332.0,83084,0.91,-1.8,3.0
2023.0,2.0,Falls Creek,7029.0,83084,-0.14,-3.07,1.83
2023.0,3.0,Falls Creek,16737.0,83084,-0.67,-3.39,0.43
2023.0,4.0,Falls Creek,29896.0,83084,2.63,-1.87,2.06
2023.0,5.0,Falls Creek,34384.0,83084,1.57,-2.07,2.94
2023.0,6.0,Falls Creek,39352.0,83084,2.71,-1.63,0.46
2023.0,7.0,Falls Creek,39492.0,83084,3.71,-1.8,0.49
2023.0,8.0,Falls Creek,35667.0,83084,3.24,-0.13,4.09
2023.0,9.0,Falls Creek,39490.0,83084,4.29,-0.67,0.4
2023.0,10.0,Falls Creek,43353.0,83084,2.0,-3.14,1.89
2023.0,11.0,Falls Creek,42005.0,83084,3.83,-1.29,4.14
2023.0,12.0,Falls Creek,36988.0,83084,5.91,0.81,4.4
2023.0,13.0,Falls Creek,28811.0,83084,7.26,-1.24,1.49
2023.0,14.0,Falls Creek,22814.0,83084,2.77,-2.29,1.83
2023.0,15.0,Falls Creek,16476.0,83084,6.9,0.31,1.8
2024.0,1.0,Falls Creek,5511.0,83084,2.59,-2.79,1.03
2024.0,2.0,Falls Creek,5506.0,83084,1.26,-4.73,0.51
2024.0,3.0,Falls Creek,6501.0,83084,0.96,-2.26,2.43
2024.0,4.0,Falls Creek,19666.0,83084,1.14,-3.91,0.46
2024.0,5.0,Falls Creek,40093.0,83084,0.87,-2.8,0.7
2024.0,6.0,Falls Creek,46620.0,83084,-0.27,-4.83,5.04
2024.0,7.0,Falls Creek,43349.0,83084,0.74,-2.6,2.39
2024.0,8.0,Falls Creek,43812.0,83084,2.7,-1.87,0.07
2024.0,9.0,Falls Creek,49697.0,83084,1.62,-2.31,1.37
2024.0,10.0,Falls Creek,38756.0,83084,5.83,1.6,0.17
2024.0,11.0,Falls Creek,38541.0,83084,4.02,0.45,4.6
2024.0,12.0,Falls Creek,42101.0,83084,3.21,-0.16,3.4
2024.0,13.0,Falls Creek,25252.0,83084,5.77,-0.51,2.71
2024.0,14.0,Falls Creek,17137.0,83084,5.9,-0.59,0.94
2024.0,15.0,Falls Creek,12950.0,83084,2.64,-3.61,1.26
2014.0,1.0,Mt. Buller,8296.0,83024,4.27,-0.01,2.71
2014.0,2.0,Mt. Buller,1987.0,83024,5.26,-0.34,1.09
2014.0,3.0,Mt. Buller,2413.0,83024,0.39,-2.51,1.43
2014.0,4.0,Mt. Buller,18831.0,83024,0.96,-1.86,3.71
2014.0,5.0,Mt. Buller,49217.0,83024,-0.29,-3.4,5.23
2014.0,6.0,Mt. Buller,59693.0,83024,-1.0,-3.59,3.31
2014.0,7.0,Mt. Buller,45788.0,83024,2.37,-1.51,1.49
2014.0,8.0,Mt. Buller,41720.0,83024,0.44,-2.99,3.66
2014.0,9.0,Mt. Buller,48984.0,83024,1.16,-3.51,0.94
2014.0,10.0,Mt. Buller,47315.0,83024,3.71,-3.87,0.71
2014.0,11.0,Mt. Buller,43314.0,83024,4.31,-0.33,0.06
2014.0,12.0,Mt. Buller,41063.0,83024,7.09,1.17,0.09
2014.0,13.0,Mt. Buller,41063.0,83024,4.41,-1.7,1.0
2014.0,14.0,Mt. Buller,26222.0,83024,5.27,0.27,2.2
2014.0,15.0,Mt. Buller,11881.0,83024,4.84,-1.51,2.97
2015.0,1.0,Mt. Buller,15612.0,83024,6.5,0.19,0.14
2015.0,2.0,Mt. Buller,6592.0,83024,2.8,-1.93,1.14
2015.0,3.0,Mt. Buller,6648.0,83024,6.41,-0.56,0.09
2015.0,4.0,Mt. Buller,18766.0,83024,-0.09,-3.89,1.69
2015.0,5.0,Mt. Buller,38879.0,83024,0.63,-3.01,6.54
2015.0,6.0,Mt. Buller,45629.0,83024,-1.14,-5.2,3.69
2015.0,7.0,Mt. Buller,38873.0,83024,0.23,-2.47,2.03
2015.0,8.0,Mt. Buller,36714.0,83024,-0.01,-4.33,3.26
2015.0,9.0,Mt. Buller,38171.0,83024,-0.63,-4.63,3.66
2015.0,10.0,Mt. Buller,41782.0,83024,0.26,-2.23,4.39
2015.0,11.0,Mt. Buller,44060.0,83024,3.14,-1.86,0.4
2015.0,12.0,Mt. Buller,38823.0,83024,2.13,-2.83,0.86
2015.0,13.0,Mt. Buller,38042.0,83024,3.49,-1.31,1.93
2015.0,14.0,Mt. Buller,23919.0,83024,7.19,0.26,2.0
2015.0,15.0,Mt. Buller,21892.0,83024,6.51,-0.29,1.77
2016.0,1.0,Mt. Buller,8368.0,83024,5.4,-0.86,0.86
2016.0,2.0,Mt. Buller,5298.0,83024,3.41,0.3,3.14
2016.0,3.0,Mt. Buller,17606.0,83024,-1.07,-4.24,0.94
2016.0,4.0,Mt. Buller,37586.0,83024,0.0,-2.01,5.69
2016.0,5.0,Mt. Buller,56664.0,83024,0.66,-1.11,2.49
2016.0,6.0,Mt. Buller,44445.0,83024,5.2,-1.19,0.91
2016.0,7.0,Mt. Buller,37928.0,83024,0.93,-2.84,2.51
2016.0,8.0,Mt. Buller,39125.0,83024,0.33,-2.23,4.77
2016.0,9.0,Mt. Buller,46055.0,83024,1.56,-2.93,0.09
2016.0,10.0,Mt. Buller,44706.0,83024,2.47,-1.86,2.14
2016.0,11.0,Mt. Buller,38065.0,83024,1.73,-1.89,0.71
2016.0,12.0,Mt. Buller,34449.0,83024,1.89,-2.67,0.34
2016.0,13.0,Mt. Buller,21929.0,83024,6.51,-0.14,2.26
2016.0,14.0,Mt. Buller,13075.0,83024,4.64,1.11,2.14
2016.0,15.0,Mt. Buller,7411.0,83024,3.0,-2.07,3.17
2017.0,1.0,Mt. Buller,18142.0,83024,7.01,0.43,0.0
2017.0,2.0,Mt. Buller,9023.0,83024,6.34,0.7,0.0
2017.0,3.0,Mt. Buller,13836.0,83024,-0.53,-3.24,1.49
2017.0,4.0,Mt. Buller,26972.0,83024,1.23,-2.99,2.23
2017.0,5.0,Mt. Buller,50070.0,83024,-0.47,-3.11,4.2
2017.0,6.0,Mt. Buller,57787.0,83024,-0.81,-3.9,4.26
2017.0,7.0,Mt. Buller,40050.0,83024,0.76,-3.14,3.83
2017.0,8.0,Mt. Buller,37535.0,83024,2.53,-2.04,2.4
2017.0,9.0,Mt. Buller,39778.0,83024,0.54,-2.49,3.89
2017.0,10.0,Mt. Buller,48862.0,83024,2.14,-0.6,3.34
2017.0,11.0,Mt. Buller,45833.0,83024,-0.97,-4.63,2.09
2017.0,12.0,Mt. Buller,44047.0,83024,0.64,-5.6,1.34
2017.0,13.0,Mt. Buller,32214.0,83024,1.36,-3.01,2.94
2017.0,14.0,Mt. Buller,32542.0,83024,2.13,-2.63,3.89
2017.0,15.0,Mt. Buller,24402.0,83024,4.83,-2.81,0.89
2018.0,1.0,Mt. Buller,13279.0,83024,2.06,-1.17,0.89
2018.0,2.0,Mt. Buller,11039.0,83024,-0.13,-3.44,3.83
2018.0,3.0,Mt. Buller,19293.0,83024,2.29,-2.49,0.31
2018.0,4.0,Mt. Buller,27761.0,83024,2.04,-1.9,2.09
2018.0,5.0,Mt. Buller,54337.0,83024,0.84,-3.83,1.66
2018.0,6.0,Mt. Buller,66326.0,83024,0.26,-4.1,2.97
2018.0,7.0,Mt. Buller,46230.0,83024,-0.01,-3.5,3.06
2018.0,8.0,Mt. Buller,39057.0,83024,1.21,-2.66,3.31
2018.0,9.0,Mt. Buller,45601.0,83024,0.7,-3.44,5.14
2018.0,10.0,Mt. Buller,43886.0,83024,-0.16,-3.14,2.43
2018.0,11.0,Mt. Buller,46782.0,83024,-1.19,-4.63,4.54
2018.0,12.0,Mt. Buller,46140.0,83024,1.77,-4.84,0.49
2018.0,13.0,Mt. Buller,34877.0,83024,2.47,-2.7,3.83
2018.0,14.0,Mt. Buller,31144.0,83024,6.21,-0.26,1.06
2018.0,15.0,Mt. Buller,20104.0,83024,1.81,-3.44,2.6
2019.0,1.0,Mt. Buller,22375.0,83024,4.03,0.57,1.46
2019.0,2.0,Mt. Buller,10904.0,83024,0.44,-3.69,3.06
2019.0,3.0,Mt. Buller,13018.0,83024,4.74,-0.73,1.97
2019.0,4.0,Mt. Buller,29400.0,83024,2.74,-1.66,1.11
2019.0,5.0,Mt. Buller,46986.0,83024,0.71,-1.83,3.6
2019.0,6.0,Mt. Buller,49957.0,83024,0.84,-3.47,2.8
2019.0,7.0,Mt. Buller,42583.0,83024,2.09,-2.29,2.4
2019.0,8.0,Mt. Buller,41415.0,83024,4.27,-1.23,1.34
2019.0,9.0,Mt. Buller,40425.0,83024,0.14,-3.59,2.6
2019.0,10.0,Mt. Buller,41156.0,83024,0.87,-4.1,3.29
2019.0,11.0,Mt. Buller,48415.0,83024,3.0,-3.71,1.17
2019.0,12.0,Mt. Buller,44315.0,83024,2.86,-4.06,2.4
2019.0,13.0,Mt. Buller,34454.0,83024,4.7,-0.3,3.97
2019.0,14.0,Mt. Buller,30775.0,83024,4.2,-2.61,2.51
2019.0,15.0,Mt. Buller,22540.0,83024,6.06,-0.66,0.51
2020.0,1.0,Mt. Buller,2665.0,83024,4.4,-0.56,0.11
2020.0,2.0,Mt. Buller,2843.0,83024,2.41,-0.14,3.94
2020.0,3.0,Mt. Buller,3537.0,83024,2.26,-2.29,1.2
2020.0,4.0,Mt. Buller,9988.0,83024,1.26,-2.31,2.66
2020.0,5.0,Mt. Buller,3537.0,83024,2.27,-0.7,2.46
2020.0,6.0,Mt. Buller,15619.0,83024,3.83,-2.19,0.71
2020.0,7.0,Mt. Buller,6805.0,83024,5.0,0.07,0.54
2020.0,8.0,Mt. Buller,7366.0,83024,5.81,-0.53,0.14
2020.0,9.0,Mt. Buller,7312.0,83024,0.8,-4.34,2.46
2020.0,10.0,Mt. Buller,3812.0,83024,3.23,-0.17,2.63
2020.0,11.0,Mt. Buller,0.0,83024,-1.06,-3.69,4.46
2020.0,12.0,Mt. Buller,0.0,83024,2.5,-3.29,3.57
2020.0,13.0,Mt. Buller,0.0,83024,4.97,-1.1,0.71
2020.0,14.0,Mt. Buller,0.0,83024,8.94,1.7,1.46
2020.0,15.0,Mt. Buller,0.0,83024,9.67,1.11,0.54
2021.0,1.0,Mt. Buller,2198.0,83024,2.79,-1.5,1.63
2021.0,2.0,Mt. Buller,5269.0,83024,2.63,-1.8,2.09
2021.0,3.0,Mt. Buller,17995.0,83024,2.8,-1.04,2.54
2021.0,4.0,Mt. Buller,39561.0,83024,0.53,-2.63,3.11
2021.0,5.0,Mt. Buller,53339.0,83024,2.13,-2.24,1.57
2021.0,6.0,Mt. Buller,26598.0,83024,0.39,-2.7,1.23
2021.0,7.0,Mt. Buller,7908.0,83024,-0.36,-3.97,0.14
2021.0,8.0,Mt. Buller,31619.0,83024,0.4,-2.9,1.0
2021.0,9.0,Mt. Buller,25906.0,83024,1.27,-2.26,1.06
2021.0,10.0,Mt. Buller,16707.0,83024,1.86,-1.59,2.6
2021.0,11.0,Mt. Buller,15200.0,83024,2.76,-1.04,2.63
2021.0,12.0,Mt. Buller,5401.0,83024,1.4,-2.77,2.37
2021.0,13.0,Mt. Buller,3732.0,83024,6.06,-1.07,0.0
2021.0,14.0,Mt. Buller,176.0,83024,6.47,-0.54,0.0
2021.0,15.0,Mt. Buller,5975.0,83024,3.61,-1.93,0.0
2022.0,1.0,Mt. Buller,27665.0,83024,0.03,-3.2,1.29
2022.0,2.0,Mt. Buller,33328.0,83024,2.34,-1.06,2.57
2022.0,3.0,Mt. Buller,36352.0,83024,2.21,-1.97,2.83
2022.0,4.0,Mt. Buller,58192.0,83024,6.24,-0.24,0.0
2022.0,5.0,Mt. Buller,65372.0,83024,0.14,-2.87,2.11
2022.0,6.0,Mt. Buller,49092.0,83024,0.07,-5.23,3.03
2022.0,7.0,Mt. Buller,49631.0,83024,2.9,-0.5,3.71
2022.0,8.0,Mt. Buller,50634.0,83024,1.01,-2.99,1.46
2022.0,9.0,Mt. Buller,40367.0,83024,1.14,-1.73,5.09
2022.0,10.0,Mt. Buller,44242.0,83024,2.37,-1.87,2.29
2022.0,11.0,Mt. Buller,43874.0,83024,0.43,-3.24,3.63
2022.0,12.0,Mt. Buller,44775.0,83024,5.69,-0.4,1.77
2022.0,13.0,Mt. Buller,30766.0,83024,3.13,-1.81,1.6
2022.0,14.0,Mt. Buller,21896.0,83024,1.97,-1.73,4.71
2022.0,15.0,Mt. Buller,19427.0,83024,2.9,-1.39,3.29
2023.0,1.0,Mt. Buller,10172.0,83024,1.19,-1.51,1.26
2023.0,2.0,Mt. Buller,12397.0,83024,-0.34,-3.2,0.43
2023.0,3.0,Mt. Buller,23839.0,83024,-0.2,-2.59,1.37
2023.0,4.0,Mt. Buller,49596.0,83024,2.97,-0.9,1.89
2023.0,5.0,Mt. Buller,58139.0,83024,1.59,-1.44,0.26
2023.0,6.0,Mt. Buller,51039.0,83024,3.83,-1.57,0.29
2023.0,7.0,Mt. Buller,46314.0,83024,3.84,-1.63,1.94
2023.0,8.0,Mt. Buller,46474.0,83024,3.87,0.26,4.23
2023.0,9.0,Mt. Buller,40587.0,83024,4.86,-0.23,0.34
2023.0,10.0,Mt. Buller,37635.0,83024,2.1,-2.9,3.57
2023.0,11.0,Mt. Buller,36754.0,83024,4.7,-0.94,2.66
2023.0,12.0,Mt. Buller,33923.0,83024,6.57,0.81,1.44
2023.0,13.0,Mt. Buller,18840.0,83024,7.24,-0.79,3.74
2023.0,14.0,Mt. Buller,9166.0,83024,4.29,-1.74,0.11
2023.0,15.0,Mt. Buller,6355.0,83024,4.0,0.44,0.57
2024.0,1.0,Mt. Buller,5726.0,83024,3.66,-2.4,3.23
2024.0,2.0,Mt. Buller,8215.0,83024,2.33,-3.34,0.37
2024.0,3.0,Mt. Buller,11786.0,83024,1.5,-1.97,1.51
2024.0,4.0,Mt. Buller,24083.0,83024,2.76,-2.74,2.6
2024.0,5.0,Mt. Buller,50827.0,83024,2.23,-1.11,3.31
2024.0,6.0,Mt. Buller,53357.0,83024,-0.4,-3.89,0.77
2024.0,7.0,Mt. Buller,45399.0,83024,1.49,-2.06,3.09
2024.0,8.0,Mt. Buller,49676.0,83024,1.83,-3.79,2.49
2024.0,9.0,Mt. Buller,49587.0,83024,2.03,-1.7,1.17
2024.0,10.0,Mt. Buller,50031.0,83024,6.13,2.27,1.74
2024.0,11.0,Mt. Buller,43387.0,83024,4.89,0.83,4.2
2024.0,12.0,Mt. Buller,36668.0,83024,4.26,0.16,3.29
2024.0,13.0,Mt. Buller,15415.0,83024,6.1,-0.67,3.77
2024.0,14.0,Mt. Buller,0.0,83024,5.73,-0.57,1.63
2024.0,15.0,Mt. Buller,0.0,83024,2.07,-3.19,2.23
2014.0,1.0,Selwyn,1041.0,72161,6.83,1.57,1.86
2014.0,2.0,Selwyn,383.0,72161,6.71,1.53,2.06
2014.0,3.0,Selwyn,597.0,72161,1.67,-0.86,2.17
2014.0,4.0,Selwyn,2877.0,72161,3.14,-0.76,1.2
2014.0,5.0,Selwyn,8588.0,72161,1.27,-2.26,4.26
2014.0,6.0,Selwyn,10682.0,72161,2.79,-1.61,4.4
2014.0,7.0,Selwyn,8180.0,72161,5.53,0.89,0.71
2014.0,8.0,Selwyn,7267.0,72161,3.37,-1.03,2.11
2014.0,9.0,Selwyn,8708.0,72161,4.71,-0.84,0.0
2014.0,10.0,Selwyn,9133.0,72161,5.84,-2.29,0.29
2014.0,11.0,Selwyn,8968.0,72161,8.61,1.1,0.86
2014.0,12.0,Selwyn,8404.0,72161,9.06,0.96,0.17
2014.0,13.0,Selwyn,6975.0,72161,8.4,-0.31,0.91
2014.0,14.0,Selwyn,4628.0,72161,8.89,2.27,0.06
2014.0,15.0,Selwyn,2566.0,72161,8.44,1.11,1.37
2015.0,1.0,Selwyn,2238.0,72161,9.03,1.09,0.26
2015.0,2.0,Selwyn,1001.0,72161,5.5,-0.44,3.54
2015.0,3.0,Selwyn,1331.0,72161,8.26,2.23,0.49
2015.0,4.0,Selwyn,3211.0,72161,2.79,-3.36,1.03
2015.0,5.0,Selwyn,6658.0,72161,3.53,-1.53,2.06
2015.0,6.0,Selwyn,8112.0,72161,1.86,-2.36,0.34
2015.0,7.0,Selwyn,7373.0,72161,2.36,-0.07,4.69
2015.0,8.0,Selwyn,6601.0,72161,3.2,-1.0,0.2
2015.0,9.0,Selwyn,7983.0,72161,1.47,-3.07,0.43
2015.0,10.0,Selwyn,9023.0,72161,2.86,-0.89,1.37
2015.0,11.0,Selwyn,9492.0,72161,7.06,0.64,3.94
2015.0,12.0,Selwyn,8436.0,72161,5.03,-0.43,3.03
2015.0,13.0,Selwyn,7256.0,72161,6.97,-0.13,0.66
2015.0,14.0,Selwyn,6011.0,72161,7.3,-0.21,2.23
2015.0,15.0,Selwyn,3722.0,72161,9.29,0.76,0.49
2016.0,1.0,Selwyn,1329.0,72161,6.36,0.83,1.29
2016.0,2.0,Selwyn,764.0,72161,5.74,2.44,3.86
2016.0,3.0,Selwyn,2903.0,72161,1.44,-2.7,1.31
2016.0,4.0,Selwyn,6868.0,72161,2.76,-1.53,2.94
2016.0,5.0,Selwyn,9151.0,72161,3.17,0.23,1.6
2016.0,6.0,Selwyn,8336.0,72161,7.69,0.8,0.09
2016.0,7.0,Selwyn,6817.0,72161,2.4,-1.0,2.77
2016.0,8.0,Selwyn,7706.0,72161,2.24,-1.11,1.31
2016.0,9.0,Selwyn,8763.0,72161,4.86,-0.3,1.2
2016.0,10.0,Selwyn,8848.0,72161,5.87,-0.01,0.34
2016.0,11.0,Selwyn,8235.0,72161,4.37,0.03,1.11
2016.0,12.0,Selwyn,7678.0,72161,5.9,-1.2,1.69
2016.0,13.0,Selwyn,5307.0,72161,6.91,0.6,1.46
2016.0,14.0,Selwyn,3453.0,72161,7.87,1.01,0.97
2016.0,15.0,Selwyn,2599.0,72161,6.06,0.69,3.2
2017.0,1.0,Selwyn,2569.0,72161,8.83,2.59,0.0
2017.0,2.0,Selwyn,1236.0,72161,9.21,2.93,0.0
2017.0,3.0,Selwyn,2180.0,72161,3.21,-0.79,0.2
2017.0,4.0,Selwyn,4933.0,72161,3.99,-1.09,0.71
2017.0,5.0,Selwyn,8953.0,72161,2.19,-1.66,3.23
2017.0,6.0,Selwyn,10860.0,72161,1.67,-1.43,2.91
2017.0,7.0,Selwyn,7768.0,72161,3.4,-1.24,3.49
2017.0,8.0,Selwyn,7398.0,72161,5.06,-0.63,3.86
2017.0,9.0,Selwyn,8341.0,72161,1.97,-1.41,2.71
2017.0,10.0,Selwyn,10099.0,72161,4.64,1.2,1.03
2017.0,11.0,Selwyn,10008.0,72161,3.29,-2.36,0.69
2017.0,12.0,Selwyn,9105.0,72161,4.0,-2.96,1.17
2017.0,13.0,Selwyn,7230.0,72161,3.64,-1.03,2.03
2017.0,14.0,Selwyn,6867.0,72161,5.96,-0.66,1.6
2017.0,15.0,Selwyn,4847.0,72161,7.5,-0.33,1.37
2018.0,1.0,Selwyn,2060.0,72161,3.77,0.7,1.89
2018.0,2.0,Selwyn,1591.0,72161,3.23,-1.2,1.17
2018.0,3.0,Selwyn,3095.0,72161,5.34,-0.31,1.14
2018.0,4.0,Selwyn,5357.0,72161,5.46,0.41,0.77
2018.0,5.0,Selwyn,10213.0,72161,2.19,-2.29,0.2
2018.0,6.0,Selwyn,12863.0,72161,2.67,-2.93,1.63
2018.0,7.0,Selwyn,8428.0,72161,2.16,-1.99,1.31
2018.0,8.0,Selwyn,7857.0,72161,4.24,-0.11,2.6
2018.0,9.0,Selwyn,9032.0,72161,3.06,-1.51,1.86
2018.0,10.0,Selwyn,9444.0,72161,2.44,-0.9,1.77
2018.0,11.0,Selwyn,9592.0,72161,1.71,-2.6,1.2
2018.0,12.0,Selwyn,9764.0,72161,5.37,-1.04,0.26
2018.0,13.0,Selwyn,7557.0,72161,6.4,0.04,0.2
2018.0,14.0,Selwyn,6454.0,72161,9.37,1.29,0.0
2018.0,15.0,Selwyn,4262.0,72161,7.7,-1.3,0.71
2019.0,1.0,Selwyn,3472.0,72161,6.83,3.14,1.26
2019.0,2.0,Selwyn,1831.0,72161,4.39,-1.77,0.34
2019.0,3.0,Selwyn,2534.0,72161,7.64,0.73,0.0
2019.0,4.0,Selwyn,4763.0,72161,7.06,0.01,0.06
2019.0,5.0,Selwyn,9019.0,72161,2.64,-0.03,2.83
2019.0,6.0,Selwyn,9962.0,72161,2.69,-2.04,1.63
2019.0,7.0,Selwyn,8267.0,72161,6.03,0.23,1.34
2019.0,8.0,Selwyn,8107.0,72161,6.29,0.29,1.31
2019.0,9.0,Selwyn,8547.0,72161,3.01,-2.56,0.77
2019.0,10.0,Selwyn,8538.0,72161,3.99,-2.06,0.46
2019.0,11.0,Selwyn,10785.0,72161,5.01,-1.49,2.29
2019.0,12.0,Selwyn,10147.0,72161,6.76,-1.04,0.03
2019.0,13.0,Selwyn,8432.0,72161,7.14,1.56,1.2
2019.0,14.0,Selwyn,7077.0,72161,6.97,-0.74,2.0
2019.0,15.0,Selwyn,5189.0,72161,7.21,-0.44,0.14
2020.0,1.0,Selwyn,430.0,72161,6.53,2.56,1.69
2020.0,2.0,Selwyn,311.0,72161,4.86,1.67,2.14
2020.0,3.0,Selwyn,334.0,72161,4.61,-0.27,0.97
2020.0,4.0,Selwyn,969.0,72161,3.99,-0.74,2.57
2020.0,5.0,Selwyn,1185.0,72161,5.44,1.26,0.6
2020.0,6.0,Selwyn,1978.0,72161,5.0,-0.39,1.77
2020.0,7.0,Selwyn,1087.0,72161,7.14,1.37,1.0
2020.0,8.0,Selwyn,720.0,72161,7.37,1.84,0.31
2020.0,9.0,Selwyn,733.0,72161,3.96,-1.84,3.63
2020.0,10.0,Selwyn,445.0,72161,5.86,1.69,1.91
2020.0,11.0,Selwyn,0.0,72161,4.52,-0.1,4.9
2020.0,14.0,Selwyn,0.0,72161,9.97,1.7,2.63
2020.0,15.0,Selwyn,0.0,72161,8.19,-0.07,3.26
2021.0,1.0,Selwyn,830.0,72161,3.74,-0.29,2.43
2021.0,2.0,Selwyn,1541.0,72161,4.63,-0.36,2.51
2021.0,3.0,Selwyn,3315.0,72161,4.76,0.79,1.14
2021.0,4.0,Selwyn,6070.0,72161,3.74,-0.36,3.26
2021.0,5.0,Selwyn,8018.0,72161,5.86,-0.03,1.26
2021.0,6.0,Selwyn,3099.0,72161,1.54,-1.13,3.69
2021.0,7.0,Selwyn,1186.0,72161,1.91,-2.64,5.23
2021.0,8.0,Selwyn,4115.0,72161,3.31,-0.57,3.06
2021.0,9.0,Selwyn,3478.0,72161,3.64,-0.37,1.49
2021.0,10.0,Selwyn,2706.0,72161,4.81,-0.24,0.34
2021.0,11.0,Selwyn,2680.0,72161,7.44,1.73,1.94
2021.0,12.0,Selwyn,1102.0,72161,5.6,-0.61,3.46
2021.0,13.0,Selwyn,806.0,72161,6.23,-0.76,1.6
2021.0,14.0,Selwyn,742.0,72161,6.93,0.71,1.14
2021.0,15.0,Selwyn,1282.0,72161,6.4,0.63,2.03
2022.0,1.0,Selwyn,5144.0,72161,2.47,-2.17,4.57
2022.0,2.0,Selwyn,5403.0,72161,5.06,0.07,3.6
2022.0,3.0,Selwyn,5887.0,72161,3.69,0.1,2.0
2022.0,4.0,Selwyn,9683.0,72161,3.43,-0.61,0.49
2022.0,5.0,Selwyn,10791.0,72161,3.03,-1.41,1.4
2022.0,6.0,Selwyn,9436.0,72161,2.7,-2.64,2.14
2022.0,7.0,Selwyn,9266.0,72161,5.76,0.67,0.57
2022.0,8.0,Selwyn,9018.0,72161,4.07,-1.33,3.43
2022.0,9.0,Selwyn,8602.0,72161,4.91,0.23,4.69
2022.0,10.0,Selwyn,9356.0,72161,3.9,0.0,4.17
2022.0,11.0,Selwyn,9146.0,72161,3.39,-0.86,4.66
2022.0,12.0,Selwyn,9077.0,72161,8.06,1.36,2.29
2022.0,13.0,Selwyn,6969.0,72161,8.04,-0.41,0.0
2022.0,14.0,Selwyn,5298.0,72161,6.24,0.69,3.23
2022.0,15.0,Selwyn,4557.0,72161,6.83,-0.11,1.91
2023.0,1.0,Selwyn,1591.0,72161,4.21,0.39,1.6
2023.0,2.0,Selwyn,1932.0,72161,3.5,-1.07,2.17
2023.0,3.0,Selwyn,4120.0,72161,1.11,-0.96,6.29
2023.0,4.0,Selwyn,8400.0,72161,5.39,0.81,2.14
2023.0,5.0,Selwyn,9149.0,72161,3.71,-0.04,3.46
2023.0,6.0,Selwyn,8950.0,72161,6.64,0.67,0.14
2023.0,7.0,Selwyn,8106.0,72161,7.2,0.34,0.74
2023.0,8.0,Selwyn,7770.0,72161,7.73,2.49,0.83
2023.0,9.0,Selwyn,7424.0,72161,8.03,0.94,0.46
2023.0,10.0,Selwyn,7666.0,72161,6.3,-0.67,1.89
2023.0,11.0,Selwyn,7581.0,72161,6.74,0.44,3.94
2023.0,12.0,Selwyn,6278.0,72161,9.68,2.96,3.37
2023.0,13.0,Selwyn,4244.0,72161,7.14,1.44,0.4
2023.0,14.0,Selwyn,2733.0,72161,4.24,-0.36,2.91
2023.0,15.0,Selwyn,1865.0,72161,4.77,-1.8,0.57
2024.0,1.0,Selwyn,990.0,72161,4.29,-0.39,0.83
2024.0,2.0,Selwyn,1264.0,72161,5.13,-2.0,0.43
2024.0,3.0,Selwyn,1686.0,72161,4.86,0.4,0.54
2024.0,4.0,Selwyn,3662.0,72161,4.73,-1.51,0.06
2024.0,5.0,Selwyn,8563.0,72161,6.57,1.04,1.4
2024.0,6.0,Selwyn,8932.0,72161,1.01,-2.3,2.86
2024.0,7.0,Selwyn,8530.0,72161,3.81,-0.19,1.49
2024.0,8.0,Selwyn,8160.0,72161,4.09,-3.07,2.23
2024.0,9.0,Selwyn,8533.0,72161,5.46,0.54,0.06
2024.0,10.0,Selwyn,7668.0,72161,8.3,0.76,0.83
2024.0,11.0,Selwyn,6859.0,72161,8.6,2.63,3.2
2024.0,12.0,Selwyn,5969.0,72161,7.24,0.84,0.66
2024.0,13.0,Selwyn,3351.0,72161,6.14,0.76,2.87
2024.0,14.0,Selwyn,1177.0,72161,8.73,0.96,0.06
2024.0,15.0,Selwyn,745.0,72161,5.99,-0.84,3.31
2014.0,1.0,Thredbo,5535.0,71032,4.71,-2.0,2.91
2014.0,2.0,Thredbo,2090.0,71032,2.66,-1.69,1.14
2014.0,3.0,Thredbo,3216.0,71032,-1.03,-4.11,0.6
2014.0,4.0,Thredbo,15497.0,71032,-1.31,-4.36,0.07
2014.0,5.0,Thredbo,46546.0,71032,-1.69,-5.19,0.43
2014.0,6.0,Thredbo,58668.0,71032,-1.87,-5.41,0.51
2014.0,7.0,Thredbo,44109.0,71032,1.26,-4.5,0.49
2014.0,8.0,Thredbo,39654.0,71032,-0.83,-4.45,2.09
2014.0,9.0,Thredbo,46875.0,71032,2.2,-4.63,0.0
2014.0,10.0,Thredbo,48777.0,71032,1.51,-5.86,0.09
2014.0,11.0,Thredbo,49003.0,71032,2.37,-4.26,2.77
2014.0,12.0,Thredbo,44164.0,71032,3.96,-2.96,2.14
2014.0,13.0,Thredbo,38470.0,71032,0.81,-5.46,1.34
2014.0,14.0,Thredbo,25734.0,71032,3.96,-1.4,0.34
2014.0,15.0,Thredbo,13890.0,71032,2.63,-2.8,1.51
2015.0,1.0,Thredbo,12039.0,71032,7.53,-2.13,0.86
2015.0,2.0,Thredbo,5540.0,71032,2.16,-1.81,3.89
2015.0,3.0,Thredbo,7069.0,71032,6.7,-0.96,0.2
2015.0,4.0,Thredbo,17634.0,71032,2.24,-5.0,0.0
2015.0,5.0,Thredbo,35918.0,71032,1.93,-5.67,0.53
2015.0,6.0,Thredbo,43234.0,71032,-1.87,-6.49,1.23
2015.0,7.0,Thredbo,40967.0,71032,-0.8,-3.93,1.54
2015.0,8.0,Thredbo,36200.0,71032,-0.41,-4.37,2.07
2015.0,9.0,Thredbo,43268.0,71032,-2.01,-5.66,0.4
2015.0,10.0,Thredbo,48525.0,71032,0.29,-4.74,0.23
2015.0,11.0,Thredbo,51900.0,71032,2.14,-3.23,0.6
2015.0,12.0,Thredbo,46015.0,71032,0.19,-3.99,4.11
2015.0,13.0,Thredbo,39850.0,71032,1.06,-3.99,1.57
2015.0,14.0,Thredbo,33284.0,71032,5.7,-2.31,0.17
2015.0,15.0,Thredbo,20568.0,71032,4.47,-2.1,1.57
2016.0,1.0,Thredbo,7167.0,71032,3.74,-1.44,0.2
2016.0,2.0,Thredbo,4083.0,71032,2.69,-0.5,3.4
2016.0,3.0,Thredbo,15501.0,71032,-2.61,-5.99,0.2
2016.0,4.0,Thredbo,36917.0,71032,1.51,-3.81,0.49
2016.0,5.0,Thredbo,48170.0,71032,-0.41,-2.89,2.51
2016.0,6.0,Thredbo,45940.0,71032,4.41,-2.51,0.06
2016.0,7.0,Thredbo,37172.0,71032,-0.06,-4.13,0.14
2016.0,8.0,Thredbo,41911.0,71032,-0.11,-3.97,1.14
2016.0,9.0,Thredbo,47536.0,71032,1.01,-4.87,0.34
2016.0,10.0,Thredbo,47996.0,71032,2.07,-3.37,0.49
2016.0,11.0,Thredbo,43729.0,71032,0.23,-3.36,2.74
2016.0,12.0,Thredbo,41768.0,71032,0.73,-4.5,0.63
2016.0,13.0,Thredbo,28580.0,71032,5.06,-1.34,2.54
2016.0,14.0,Thredbo,18938.0,71032,4.67,-0.14,1.77
2016.0,15.0,Thredbo,13868.0,71032,1.97,-2.81,4.1
2017.0,1.0,Thredbo,14174.0,71032,5.34,-1.3,0.2
2017.0,2.0,Thredbo,6636.0,71032,6.56,-1.39,0.0
2017.0,3.0,Thredbo,11543.0,71032,-0.26,-4.73,0.06
2017.0,4.0,Thredbo,26374.0,71032,0.54,-4.93,3.11
2017.0,5.0,Thredbo,49289.0,71032,-2.01,-5.21,0.2
2017.0,6.0,Thredbo,58279.0,71032,-1.44,-4.85,1.89
2017.0,7.0,Thredbo,42457.0,71032,-0.56,-4.71,1.89
2017.0,8.0,Thredbo,40744.0,71032,0.86,-3.54,1.31
2017.0,9.0,Thredbo,45216.0,71032,-0.51,-4.53,0.2
2017.0,10.0,Thredbo,55420.0,71032,0.7,-1.79,1.43
2017.0,11.0,Thredbo,53536.0,71032,-1.84,-6.17,0.71
2017.0,12.0,Thredbo,49658.0,71032,-0.66,-7.57,0.46
2017.0,13.0,Thredbo,39634.0,71032,0.41,-4.57,0.0
2017.0,14.0,Thredbo,37173.0,71032,1.63,-3.23,0.54
2017.0,15.0,Thredbo,26630.0,71032,3.43,-3.33,1.14
2018.0,1.0,Thredbo,11210.0,71032,0.37,-2.91,3.0
2018.0,2.0,Thredbo,8547.0,71032,-1.59,-5.79,2.74
2018.0,3.0,Thredbo,17226.0,71032,1.61,-4.37,0.31
2018.0,4.0,Thredbo,28601.0,71032,2.39,-3.41,1.74
2018.0,5.0,Thredbo,54351.0,71032,-0.76,-5.74,1.09
2018.0,6.0,Thredbo,70634.0,71032,-0.71,-5.47,1.94
2018.0,7.0,Thredbo,46287.0,71032,-0.2,-5.61,2.29
2018.0,8.0,Thredbo,41879.0,71032,0.36,-4.33,2.49
2018.0,10.0,Thredbo,52085.0,71032,-0.23,-4.46,2.54
2018.0,11.0,Thredbo,53194.0,71032,-2.3,-6.94,0.26
2018.0,12.0,Thredbo,53232.0,71032,0.89,-4.49,0.06
2018.0,13.0,Thredbo,41257.0,71032,0.89,-4.59,1.63
2018.0,14.0,Thredbo,34676.0,71032,6.29,-1.16,0.0
2018.0,15.0,Thredbo,23050.0,71032,3.47,-3.54,0.8
2019.0,1.0,Thredbo,18741.0,71032,3.16,0.26,0.4
2019.0,2.0,Thredbo,9845.0,71032,-0.74,-5.7,0.51
2019.0,3.0,Thredbo,13374.0,71032,3.7,-4.44,0.06
2019.0,4.0,Thredbo,25851.0,71032,3.59,-4.07,0.23
2019.0,5.0,Thredbo,48275.0,71032,-0.6,-3.7,2.86
2019.0,6.0,Thredbo,55168.0,71032,-0.77,-5.27,0.97
2019.0,7.0,Thredbo,45493.0,71032,2.26,-2.91,1.51
2019.0,8.0,Thredbo,45050.0,71032,2.6,-4.01,0.54
2019.0,9.0,Thredbo,46665.0,71032,-0.27,-4.17,2.6
2019.0,10.0,Thredbo,45330.0,71032,0.36,-5.61,0.51
2019.0,11.0,Thredbo,59101.0,71032,-0.13,-5.0,2.26
2019.0,12.0,Thredbo,53915.0,71032,2.13,-6.27,0.43
2019.0,13.0,Thredbo,45841.0,71032,4.1,-1.15,2.09
2019.0,14.0,Thredbo,37957.0,71032,3.37,-3.43,0.97
2019.0,15.0,Thredbo,28383.0,71032,5.19,-0.9,0.66
2020.0,1.0,Thredbo,2281.0,71032,4.09,-2.29,0.49
2020.0,2.0,Thredbo,1666.0,71032,2.6,-1.77,2.63
2020.0,3.0,Thredbo,1787.0,71032,1.1,-5.23,0.14
2020.0,4.0,Thredbo,5251.0,71032,0.41,-4.29,1.23
2020.0,5.0,Thredbo,6327.0,71032,1.57,-2.94,0.26
2020.0,6.0,Thredbo,10795.0,71032,0.06,-5.03,0.34
2020.0,7.0,Thredbo,5849.0,71032,2.64,-2.27,2.2
2020.0,8.0,Thredbo,3997.0,71032,3.37,-2.47,0.43
2020.0,9.0,Thredbo,4059.0,71032,-0.8,-5.31,1.4
2020.0,10.0,Thredbo,2366.0,71032,1.57,-2.4,5.17
2020.0,11.0,Thredbo,0.0,71032,-2.6,-5.16,4.0
2020.0,12.0,Thredbo,0.0,71032,0.39,-5.23,0.77
2020.0,13.0,Thredbo,0.0,71032,4.81,-2.23,0.11
2020.0,14.0,Thredbo,0.0,71032,6.43,-0.04,2.46
2020.0,15.0,Thredbo,0.0,71032,8.7,2.99,2.63
2021.0,1.0,Thredbo,4556.0,71032,-0.12,-3.12,2.86
2021.0,2.0,Thredbo,8255.0,71032,0.0,-4.39,1.74
2021.0,3.0,Thredbo,18301.0,71032,1.13,-4.03,0.89
2021.0,4.0,Thredbo,32789.0,71032,-0.04,-3.61,0.97
2021.0,5.0,Thredbo,42107.0,71032,0.59,-4.9,0.0
2021.0,6.0,Thredbo,17062.0,71032,-0.42,-2.72,4.2
2021.0,9.0,Thredbo,19180.0,71032,1.64,-4.1,0.57
2021.0,10.0,Thredbo,14564.0,71032,3.16,-1.6,0.0
2021.0,11.0,Thredbo,14342.0,71032,1.8,-1.35,2.0
2021.0,12.0,Thredbo,5792.0,71032,0.96,-4.2,1.77
2021.0,13.0,Thredbo,4411.0,71032,4.2,-1.14,1.29
2021.0,14.0,Thredbo,3909.0,71032,3.14,-1.53,0.69
2021.0,15.0,Thredbo,6774.0,71032,2.37,-3.87,2.71
2022.0,1.0,Thredbo,28482.0,71032,-0.69,-4.69,0.14
2022.0,2.0,Thredbo,28805.0,71032,1.7,-3.39,3.89
2022.0,3.0,Thredbo,32323.0,71032,1.51,-3.51,1.4
2022.0,4.0,Thredbo,51793.0,71032,1.43,-4.57,0.37
2022.0,5.0,Thredbo,58950.0,71032,-0.99,-5.37,0.31
2022.0,6.0,Thredbo,50846.0,71032,-1.41,-6.66,1.2
2022.0,7.0,Thredbo,50463.0,71032,1.1,-3.73,0.86
2022.0,8.0,Thredbo,48895.0,71032,0.26,-5.11,0.83
2022.0,9.0,Thredbo,46293.0,71032,0.1,-4.29,1.63
2022.0,10.0,Thredbo,49363.0,71032,-0.07,-3.51,3.54
2022.0,11.0,Thredbo,49801.0,71032,-0.53,-4.51,3.11
2022.0,12.0,Thredbo,49543.0,71032,2.56,-3.4,0.6
2022.0,13.0,Thredbo,37838.0,71032,3.44,-5.36,0.09
2022.0,14.0,Thredbo,28277.0,71032,1.57,-3.27,5.06
2022.0,15.0,Thredbo,24771.0,71032,2.03,-3.0,3.31
2023.0,1.0,Thredbo,8545.0,71032,0.86,-3.09,1.49
2023.0,2.0,Thredbo,10240.0,71032,-0.91,-4.19,0.77
2023.0,3.0,Thredbo,21673.0,71032,-1.66,-4.57,3.74
2023.0,4.0,Thredbo,44587.0,71032,0.73,-3.51,0.77
2023.0,5.0,Thredbo,49756.0,71032,0.67,-3.01,1.71
2023.0,6.0,Thredbo,48555.0,71032,3.21,-3.36,0.23
2023.0,7.0,Thredbo,44316.0,71032,3.01,-4.11,0.17
2023.0,8.0,Thredbo,42124.0,71032,3.56,-1.07,1.7
2023.0,9.0,Thredbo,39758.0,71032,4.17,-2.11,0.21
2023.0,10.0,Thredbo,40626.0,71032,1.03,-4.57,1.06
2023.0,11.0,Thredbo,40364.0,71032,3.7,-2.2,3.4
2023.0,12.0,Thredbo,34371.0,71032,4.5,-0.2,1.4
2023.0,13.0,Thredbo,23161.0,71032,5.9,-4.0,0.2
2024.0,1.0,Thredbo,5493.0,71032,1.76,-3.27,1.0
2024.0,2.0,Thredbo,6847.0,71032,-0.7,-6.07,0.17
2024.0,3.0,Thredbo,9071.0,71032,0.37,-3.56,1.94
2024.0,4.0,Thredbo,20186.0,71032,-0.71,-6.51,0.06
2024.0,5.0,Thredbo,45827.0,71032,2.23,-2.47,1.23
2024.0,6.0,Thredbo,48866.0,71032,-1.63,-5.29,2.34
2024.0,7.0,Thredbo,46149.0,71032,0.67,-4.16,0.77
2024.0,8.0,Thredbo,43752.0,71032,-0.06,-7.54,0.66
2024.0,9.0,Thredbo,46790.0,71032,2.34,-4.37,0.0
2024.0,10.0,Thredbo,41927.0,71032,4.33,-0.84,0.6
2024.0,11.0,Thredbo,37608.0,71032,3.5,-0.7,2.26
2024.0,12.0,Thredbo,33208.0,71032,2.5,-1.17,2.23
2024.0,13.0,Thredbo,18120.0,71032,4.61,-0.7,1.03
2024.0,14.0,Thredbo,6270.0,71032,5.86,-1.24,1.63
2024.0,15.0,Thredbo,4103.0,71032,0.87,-4.26,2.29
2014.0,1.0,Perisher,7370.0,71075,6.33,-1.59,1.6
2014.0,2.0,Perisher,2751.0,71075,5.26,-1.86,1.97
2014.0,3.0,Perisher,4255.0,71075,0.89,-2.46,2.0
2014.0,4.0,Perisher,20265.0,71075,2.94,-2.46,1.77
2014.0,5.0,Perisher,61339.0,71075,1.19,-3.76,2.0
2014.0,6.0,Perisher,76855.0,71075,1.79,-4.36,0.17
2014.0,7.0,Perisher,57593.0,71075,5.09,-4.36,0.71
2014.0,8.0,Perisher,52426.0,71075,1.77,-2.1,1.8
2014.0,9.0,Perisher,62654.0,71075,5.2,-4.24,0.37
2014.0,10.0,Perisher,64928.0,71075,4.04,-5.2,1.54
2014.0,11.0,Perisher,64834.0,71075,5.63,-3.26,1.6
2014.0,12.0,Perisher,59121.0,71075,6.53,-3.69,2.4
2014.0,13.0,Perisher,50737.0,71075,4.7,-4.3,2.09
2014.0,14.0,Perisher,33833.0,71075,6.89,-0.64,0.09
2014.0,15.0,Perisher,18381.0,71075,6.06,-2.21,2.74
2015.0,1.0,Perisher,15906.0,71075,8.21,-3.57,0.23
2015.0,2.0,Perisher,7363.0,71075,3.81,-2.27,2.43
2015.0,3.0,Perisher,9360.0,71075,9.01,-3.29,0.0
2015.0,4.0,Perisher,23296.0,71075,4.64,-6.73,0.97
2015.0,5.0,Perisher,47607.0,71075,2.64,-4.5,2.8
2015.0,6.0,Perisher,57282.0,71075,0.77,-4.99,4.8
2015.0,7.0,Perisher,54202.0,71075,1.26,-2.73,1.74
2015.0,8.0,Perisher,48170.0,71075,1.81,-3.3,1.0
2015.0,9.0,Perisher,57548.0,71075,1.03,-5.5,2.97
2015.0,10.0,Perisher,64346.0,71075,3.27,-3.09,1.54
2015.0,11.0,Perisher,68527.0,71075,5.59,-1.79,3.31
2015.0,12.0,Perisher,60788.0,71075,3.1,-2.57,2.69
2015.0,13.0,Perisher,52337.0,71075,4.91,-3.63,2.31
2015.0,14.0,Perisher,43826.0,71075,8.44,-1.41,0.83
2015.0,15.0,Perisher,27009.0,71075,6.79,-1.7,1.51
2016.0,1.0,Perisher,9419.0,71075,5.7,-2.83,1.14
2016.0,2.0,Perisher,5380.0,71075,4.14,0.97,2.17
2016.0,3.0,Perisher,20567.0,71075,1.31,-5.6,3.31
2016.0,4.0,Perisher,49193.0,71075,3.99,-2.44,0.17
2016.0,5.0,Perisher,64386.0,71075,1.71,-1.4,1.23
2016.0,6.0,Perisher,61295.0,71075,6.83,-1.94,1.26
2016.0,7.0,Perisher,48984.0,71075,1.53,-2.86,1.37
2016.0,8.0,Perisher,55233.0,71075,2.13,-3.04,1.43
2016.0,9.0,Perisher,63067.0,71075,3.24,-4.6,0.57
2016.0,10.0,Perisher,62748.0,71075,4.77,-2.71,1.06
2016.0,11.0,Perisher,57827.0,71075,3.0,-2.06,3.89
2016.0,12.0,Perisher,54481.0,71075,4.44,-4.0,0.89
2016.0,13.0,Perisher,37561.0,71075,8.4,-0.5,0.2
2016.0,14.0,Perisher,24737.0,71075,7.77,0.79,0.49
2016.0,15.0,Perisher,18080.0,71075,4.69,-1.07,1.09
2017.0,1.0,Perisher,18739.0,71075,7.87,-2.57,0.11
2017.0,2.0,Perisher,8792.0,71075,8.27,-4.23,0.0
2017.0,3.0,Perisher,15236.0,71075,2.86,-4.9,0.23
2017.0,4.0,Perisher,34802.0,71075,2.81,-4.91,1.06
2017.0,5.0,Perisher,64376.0,71075,0.76,-3.13,0.83
2017.0,6.0,Perisher,76620.0,71075,1.5,-2.81,5.09
2017.0,7.0,Perisher,56369.0,71075,2.06,-4.23,2.97
2017.0,8.0,Perisher,53570.0,71075,3.84,-3.56,3.34
2017.0,9.0,Perisher,60063.0,71075,1.76,-2.74,3.27
2017.0,10.0,Perisher,72515.0,71075,2.57,-0.13,1.37
2017.0,11.0,Perisher,70718.0,71075,0.79,-4.93,0.57
2017.0,12.0,Perisher,65364.0,71075,2.6,-4.73,1.06
2017.0,13.0,Perisher,52565.0,71075,2.93,-3.99,2.17
2017.0,14.0,Perisher,48963.0,71075,5.07,-1.07,2.69
2017.0,15.0,Perisher,34698.0,71075,6.53,-2.33,2.11
2018.0,1.0,Perisher,14866.0,71075,2.97,-2.23,0.94
2018.0,2.0,Perisher,11276.0,71075,1.77,-5.24,2.43
2018.0,3.0,Perisher,22795.0,71075,4.79,-4.91,1.03
2018.0,4.0,Perisher,37741.0,71075,4.66,-3.49,2.89
2018.0,5.0,Perisher,71310.0,71075,2.46,-4.73,0.11
2018.0,6.0,Perisher,93226.0,71075,1.87,-5.27,1.49
2018.0,7.0,Perisher,61632.0,71075,2.1,-2.47,2.86
2018.0,8.0,Perisher,55592.0,71075,3.09,-2.79,2.34
2018.0,9.0,Perisher,65256.0,71075,2.21,-3.06,3.09
2018.0,10.0,Perisher,69540.0,71075,2.33,-2.73,0.46
2018.0,11.0,Perisher,70211.0,71075,0.91,-5.96,2.34
2018.0,12.0,Perisher,70681.0,71075,3.77,-3.63,0.37
2018.0,13.0,Perisher,54342.0,71075,4.37,-3.39,0.8
2018.0,14.0,Perisher,46265.0,71075,8.39,-0.07,0.0
2018.0,15.0,Perisher,30146.0,71075,5.46,-3.06,1.29
2019.0,1.0,Perisher,24730.0,71075,5.33,1.61,1.37
2019.0,2.0,Perisher,12913.0,71075,2.63,-5.41,0.34
2019.0,3.0,Perisher,17700.0,71075,6.84,-4.63,0.17
2019.0,4.0,Perisher,34236.0,71075,5.56,-3.66,0.2
2019.0,5.0,Perisher,64459.0,71075,1.49,-2.49,1.54
2019.0,6.0,Perisher,72800.0,71075,2.54,-3.3,3.03
2019.0,7.0,Perisher,60123.0,71075,4.29,-2.03,0.09
2019.0,8.0,Perisher,58944.0,71075,5.69,-4.77,0.66
2019.0,9.0,Perisher,61440.0,71075,1.8,-4.49,0.17
2019.0,10.0,Perisher,60344.0,71075,3.56,-5.1,1.4
2019.0,11.0,Perisher,77783.0,71075,3.53,-3.17,1.89
2019.0,12.0,Perisher,71288.0,71075,4.44,-4.63,0.66
2019.0,13.0,Perisher,59693.0,71075,6.39,-0.61,1.14
2019.0,14.0,Perisher,49945.0,71075,6.91,-2.83,1.11
2019.0,15.0,Perisher,37747.0,71075,8.53,-1.06,1.0
2020.0,1.0,Perisher,2987.0,71075,6.0,-2.77,1.46
2020.0,2.0,Perisher,2205.0,71075,3.97,-1.6,3.97
2020.0,3.0,Perisher,2373.0,71075,4.21,-4.07,0.6
2020.0,4.0,Perisher,6968.0,71075,2.96,-3.29,3.26
2020.0,5.0,Perisher,8403.0,71075,3.97,-4.13,0.17
2020.0,6.0,Perisher,14350.0,71075,2.8,-4.0,2.09
2020.0,7.0,Perisher,7748.0,71075,5.57,-3.56,1.14
2020.0,8.0,Perisher,5264.0,71075,6.43,-3.09,0.31
2020.0,9.0,Perisher,5356.0,71075,1.39,-4.36,3.17
2020.0,10.0,Perisher,3128.0,71075,4.29,-0.86,1.86
2020.0,11.0,Perisher,0.0,71075,-0.13,-3.87,1.69
2020.0,12.0,Perisher,0.0,71075,4.43,-2.54,1.6
2020.0,13.0,Perisher,0.0,71075,7.23,-1.64,0.09
2020.0,14.0,Perisher,0.0,71075,8.8,1.51,3.51
2020.0,15.0,Perisher,0.0,71075,10.44,1.17,1.06
2021.0,1.0,Perisher,6003.0,71075,3.07,-2.09,2.23
2021.0,2.0,Perisher,10901.0,71075,3.13,-3.81,2.23
2021.0,3.0,Perisher,24338.0,71075,3.69,-2.64,1.0
2021.0,4.0,Perisher,43413.0,71075,2.47,-3.26,2.26
2021.0,5.0,Perisher,55654.0,71075,3.87,-4.44,0.0
2021.0,6.0,Perisher,22523.0,71075,0.67,-2.81,2.46
2021.0,7.0,Perisher,8333.0,71075,0.91,-4.53,2.66
2021.0,8.0,Perisher,29825.0,71075,2.53,-2.86,2.77
2021.0,9.0,Perisher,25409.0,71075,5.09,-2.1,0.17
2021.0,10.0,Perisher,19460.0,71075,3.24,-3.04,0.06
2021.0,11.0,Perisher,18796.0,71075,5.24,-0.87,0.43
2021.0,12.0,Perisher,7640.0,71075,3.01,-2.57,2.0
2021.0,13.0,Perisher,5871.0,71075,7.43,-0.16,0.51
2021.0,14.0,Perisher,5192.0,71075,5.9,-0.4,2.23
2021.0,15.0,Perisher,8958.0,71075,4.83,-2.39,0.26
2022.0,1.0,Perisher,37439.0,71075,2.43,-4.04,1.29
2022.0,2.0,Perisher,38068.0,71075,4.36,-3.6,2.11
2022.0,3.0,Perisher,42997.0,71075,3.34,-2.51,2.03
2022.0,4.0,Perisher,68311.0,71075,1.84,-2.93,1.8
2022.0,5.0,Perisher,77499.0,71075,1.97,-5.66,0.71
2022.0,6.0,Perisher,66744.0,71075,1.29,-5.27,1.86
2022.0,7.0,Perisher,66904.0,71075,3.87,-2.17,0.49
2022.0,8.0,Perisher,64587.0,71075,2.77,-3.36,1.4
2022.0,9.0,Perisher,60980.0,71075,2.76,-3.83,1.51
2022.0,10.0,Perisher,65991.0,71075,2.69,-2.31,2.91
2022.0,11.0,Perisher,65880.0,71075,1.89,-3.5,1.71
2022.0,12.0,Perisher,65716.0,71075,7.1,-2.2,1.11
2022.0,13.0,Perisher,49749.0,71075,5.31,-4.96,0.6
2022.0,14.0,Perisher,37395.0,71075,4.17,-1.31,3.69
2022.0,15.0,Perisher,32777.0,71075,5.3,-0.93,1.14
2023.0,1.0,Perisher,11226.0,71075,3.0,-2.2,1.51
2023.0,2.0,Perisher,13577.0,71075,2.01,-2.79,1.34
2023.0,3.0,Perisher,28654.0,71075,0.27,-2.69,1.94
2023.0,4.0,Perisher,59114.0,71075,4.54,-1.66,1.31
2023.0,5.0,Perisher,66365.0,71075,3.01,-1.43,1.17
2023.0,6.0,Perisher,63478.0,71075,5.14,-2.64,0.26
2023.0,7.0,Perisher,58267.0,71075,5.7,-4.63,0.51
2023.0,8.0,Perisher,55647.0,71075,5.57,0.2,1.97
2023.0,9.0,Perisher,52481.0,71075,6.59,-2.06,0.71
2023.0,10.0,Perisher,54314.0,71075,4.06,-4.5,1.43
2023.0,11.0,Perisher,53176.0,71075,6.81,-2.03,4.83
2023.0,12.0,Perisher,45383.0,71075,7.51,-0.17,1.51
2023.0,13.0,Perisher,30430.0,71075,9.81,-1.93,1.49
2023.0,14.0,Perisher,19256.0,71075,3.9,-2.71,0.43
2023.0,15.0,Perisher,13110.0,71075,6.97,-1.91,0.06
2024.0,1.0,Perisher,7198.0,71075,3.66,-2.9,1.29
2024.0,2.0,Perisher,9075.0,71075,2.13,-6.39,0.77
2024.0,3.0,Perisher,12013.0,71075,3.14,-2.46,1.94
2024.0,4.0,Perisher,26583.0,71075,3.09,-5.5,0.37
2024.0,5.0,Perisher,60244.0,71075,4.73,-1.27,0.54
2024.0,6.0,Perisher,64682.0,71075,0.59,-4.03,0.86
2024.0,7.0,Perisher,60369.0,71075,3.6,-1.51,0.46
2024.0,8.0,Perisher,57846.0,71075,3.26,-7.09,1.74
2024.0,9.0,Perisher,62142.0,71075,4.73,-4.46,0.0
2024.0,10.0,Perisher,55118.0,71075,7.77,-0.11,0.14
2024.0,11.0,Perisher,49136.0,71075,6.3,0.09,4.2
2024.0,12.0,Perisher,43382.0,71075,4.59,0.67,4.54
2024.0,13.0,Perisher,23908.0,71075,7.99,-0.6,3.0
2024.0,14.0,Perisher,8244.0,71075,7.24,-0.73,0.77
2024.0,15.0,Perisher,5336.0,71075,4.01,-2.96,2.8
2014.0,1.0,Charlotte Pass,408.0,71032,4.71,-2.0,2.91
2014.0,2.0,Charlotte Pass,151.0,71032,2.66,-1.69,1.14
2014.0,3.0,Charlotte Pass,230.0,71032,-1.03,-4.11,0.6
2014.0,4.0,Charlotte Pass,1134.0,71032,-1.31,-4.36,0.07
2014.0,5.0,Charlotte Pass,3403.0,71032,-1.69,-5.19,0.43
2014.0,6.0,Charlotte Pass,4305.0,71032,-1.87,-5.41,0.51
2014.0,7.0,Charlotte Pass,3236.0,71032,1.26,-4.5,0.49
2014.0,8.0,Charlotte Pass,2901.0,71032,-0.83,-4.45,2.09
2014.0,9.0,Charlotte Pass,3391.0,71032,2.2,-4.63,0.0
2014.0,10.0,Charlotte Pass,3549.0,71032,1.51,-5.86,0.09
2014.0,11.0,Charlotte Pass,3608.0,71032,2.37,-4.26,2.77
2014.0,12.0,Charlotte Pass,3258.0,71032,3.96,-2.96,2.14
2014.0,13.0,Charlotte Pass,2837.0,71032,0.81,-5.46,1.34
2014.0,14.0,Charlotte Pass,1898.0,71032,3.96,-1.4,0.34
2014.0,15.0,Charlotte Pass,995.0,71032,2.63,-2.8,1.51
2015.0,1.0,Charlotte Pass,892.0,71032,7.53,-2.13,0.86
2015.0,2.0,Charlotte Pass,405.0,71032,2.16,-1.81,3.89
2015.0,3.0,Charlotte Pass,501.0,71032,6.7,-0.96,0.2
2015.0,4.0,Charlotte Pass,1303.0,71032,2.24,-5.0,0.0
2015.0,5.0,Charlotte Pass,2645.0,71032,1.93,-5.67,0.53
2015.0,6.0,Charlotte Pass,3211.0,71032,-1.87,-6.49,1.23
2015.0,7.0,Charlotte Pass,2996.0,71032,-0.8,-3.93,1.54
2015.0,8.0,Charlotte Pass,2661.0,71032,-0.41,-4.37,2.07
2015.0,9.0,Charlotte Pass,3148.0,71032,-2.01,-5.66,0.4
2015.0,10.0,Charlotte Pass,3473.0,71032,0.29,-4.74,0.23
2015.0,11.0,Charlotte Pass,3719.0,71032,2.14,-3.23,0.6
2015.0,12.0,Charlotte Pass,3358.0,71032,0.19,-3.99,4.11
2015.0,13.0,Charlotte Pass,2909.0,71032,1.06,-3.99,1.57
2015.0,14.0,Charlotte Pass,2403.0,71032,5.7,-2.31,0.17
2015.0,15.0,Charlotte Pass,1492.0,71032,4.47,-2.1,1.57
2016.0,1.0,Charlotte Pass,531.0,71032,3.74,-1.44,0.2
2016.0,2.0,Charlotte Pass,301.0,71032,2.69,-0.5,3.4
2016.0,3.0,Charlotte Pass,1096.0,71032,-2.61,-5.99,0.2
2016.0,4.0,Charlotte Pass,2705.0,71032,1.51,-3.81,0.49
2016.0,5.0,Charlotte Pass,3570.0,71032,-0.41,-2.89,2.51
2016.0,6.0,Charlotte Pass,3316.0,71032,4.41,-2.51,0.06
2016.0,7.0,Charlotte Pass,2689.0,71032,-0.06,-4.13,0.14
2016.0,8.0,Charlotte Pass,3038.0,71032,-0.11,-3.97,1.14
2016.0,9.0,Charlotte Pass,3384.0,71032,1.01,-4.87,0.34
2016.0,10.0,Charlotte Pass,3549.0,71032,2.07,-3.37,0.49
2016.0,11.0,Charlotte Pass,3259.0,71032,0.23,-3.36,2.74
2016.0,12.0,Charlotte Pass,2951.0,71032,0.73,-4.5,0.63
2016.0,13.0,Charlotte Pass,2070.0,71032,5.06,-1.34,2.54
2016.0,14.0,Charlotte Pass,1385.0,71032,4.67,-0.14,1.77
2016.0,15.0,Charlotte Pass,979.0,71032,1.97,-2.81,4.1
2017.0,1.0,Charlotte Pass,1030.0,71032,5.34,-1.3,0.2
2017.0,2.0,Charlotte Pass,478.0,71032,6.56,-1.39,0.0
2017.0,3.0,Charlotte Pass,842.0,71032,-0.26,-4.73,0.06
2017.0,4.0,Charlotte Pass,1923.0,71032,0.54,-4.93,3.11
2017.0,5.0,Charlotte Pass,3523.0,71032,-2.01,-5.21,0.2
2017.0,6.0,Charlotte Pass,4189.0,71032,-1.44,-4.85,1.89
2017.0,7.0,Charlotte Pass,3031.0,71032,-0.56,-4.71,1.89
2017.0,8.0,Charlotte Pass,2928.0,71032,0.86,-3.54,1.31
2017.0,9.0,Charlotte Pass,3290.0,71032,-0.51,-4.53,0.2
2017.0,10.0,Charlotte Pass,4046.0,71032,0.7,-1.79,1.43
2017.0,11.0,Charlotte Pass,3873.0,71032,-1.84,-6.17,0.71
2017.0,12.0,Charlotte Pass,3634.0,71032,-0.66,-7.57,0.46
2017.0,13.0,Charlotte Pass,2853.0,71032,0.41,-4.57,0.0
2017.0,14.0,Charlotte Pass,2669.0,71032,1.63,-3.23,0.54
2017.0,15.0,Charlotte Pass,1941.0,71032,3.43,-3.33,1.14
2018.0,1.0,Charlotte Pass,825.0,71032,0.37,-2.91,3.0
2018.0,2.0,Charlotte Pass,630.0,71032,-1.59,-5.79,2.74
2018.0,3.0,Charlotte Pass,1264.0,71032,1.61,-4.37,0.31
2018.0,4.0,Charlotte Pass,2062.0,71032,2.39,-3.41,1.74
2018.0,5.0,Charlotte Pass,3902.0,71032,-0.76,-5.74,1.09
2018.0,6.0,Charlotte Pass,5033.0,71032,-0.71,-5.47,1.94
2018.0,7.0,Charlotte Pass,3344.0,71032,-0.2,-5.61,2.29
2018.0,8.0,Charlotte Pass,3031.0,71032,0.36,-4.33,2.49
2018.0,10.0,Charlotte Pass,3849.0,71032,-0.23,-4.46,2.54
2018.0,11.0,Charlotte Pass,3867.0,71032,-2.3,-6.94,0.26
2018.0,12.0,Charlotte Pass,3839.0,71032,0.89,-4.49,0.06
2018.0,13.0,Charlotte Pass,2943.0,71032,0.89,-4.59,1.63
2018.0,14.0,Charlotte Pass,2542.0,71032,6.29,-1.16,0.0
2018.0,15.0,Charlotte Pass,1688.0,71032,3.47,-3.54,0.8
2019.0,1.0,Charlotte Pass,1385.0,71032,3.16,0.26,0.4
2019.0,2.0,Charlotte Pass,700.0,71032,-0.74,-5.7,0.51
2019.0,3.0,Charlotte Pass,992.0,71032,3.7,-4.44,0.06
2019.0,4.0,Charlotte Pass,1904.0,71032,3.59,-4.07,0.23
2019.0,5.0,Charlotte Pass,3584.0,71032,-0.6,-3.7,2.86
2019.0,6.0,Charlotte Pass,3998.0,71032,-0.77,-5.27,0.97
2019.0,7.0,Charlotte Pass,3377.0,71032,2.26,-2.91,1.51
2019.0,8.0,Charlotte Pass,3318.0,71032,2.6,-4.01,0.54
2019.0,9.0,Charlotte Pass,3449.0,71032,-0.27,-4.17,2.6
2019.0,10.0,Charlotte Pass,3258.0,71032,0.36,-5.61,0.51
2019.0,11.0,Charlotte Pass,4333.0,71032,-0.13,-5.0,2.26
2019.0,12.0,Charlotte Pass,3980.0,71032,2.13,-6.27,0.43
2019.0,13.0,Charlotte Pass,3238.0,71032,4.1,-1.15,2.09
2019.0,14.0,Charlotte Pass,2733.0,71032,3.37,-3.43,0.97
2019.0,15.0,Charlotte Pass,2018.0,71032,5.19,-0.9,0.66
2020.0,1.0,Charlotte Pass,161.0,71032,4.09,-2.29,0.49
2020.0,2.0,Charlotte Pass,122.0,71032,2.6,-1.77,2.63
2020.0,3.0,Charlotte Pass,133.0,71032,1.1,-5.23,0.14
2020.0,4.0,Charlotte Pass,379.0,71032,0.41,-4.29,1.23
2020.0,5.0,Charlotte Pass,457.0,71032,1.57,-2.94,0.26
2020.0,6.0,Charlotte Pass,765.0,71032,0.06,-5.03,0.34
2020.0,7.0,Charlotte Pass,422.0,71032,2.64,-2.27,2.2
2020.0,8.0,Charlotte Pass,286.0,71032,3.37,-2.47,0.43
2020.0,9.0,Charlotte Pass,292.0,71032,-0.8,-5.31,1.4
2020.0,10.0,Charlotte Pass,176.0,71032,1.57,-2.4,5.17
2020.0,11.0,Charlotte Pass,0.0,71032,-2.6,-5.16,4.0
2020.0,12.0,Charlotte Pass,0.0,71032,0.39,-5.23,0.77
2020.0,13.0,Charlotte Pass,0.0,71032,4.81,-2.23,0.11
2020.0,14.0,Charlotte Pass,0.0,71032,6.43,-0.04,2.46
2020.0,15.0,Charlotte Pass,0.0,71032,8.7,2.99,2.63
2021.0,1.0,Charlotte Pass,323.0,71032,-0.12,-3.12,2.86
2021.0,2.0,Charlotte Pass,597.0,71032,0.0,-4.39,1.74
2021.0,3.0,Charlotte Pass,1307.0,71032,1.13,-4.03,0.89
2021.0,4.0,Charlotte Pass,2355.0,71032,-0.04,-3.61,0.97
2021.0,5.0,Charlotte Pass,3029.0,71032,0.59,-4.9,0.0
2021.0,6.0,Charlotte Pass,1219.0,71032,-0.42,-2.72,4.2
2021.0,9.0,Charlotte Pass,1388.0,71032,1.64,-4.1,0.57
2021.0,10.0,Charlotte Pass,1036.0,71032,3.16,-1.6,0.0
2021.0,11.0,Charlotte Pass,1046.0,71032,1.8,-1.35,2.0
2021.0,12.0,Charlotte Pass,424.0,71032,0.96,-4.2,1.77
2021.0,13.0,Charlotte Pass,329.0,71032,4.2,-1.14,1.29
2021.0,14.0,Charlotte Pass,286.0,71032,3.14,-1.53,0.69
2021.0,15.0,Charlotte Pass,504.0,71032,2.37,-3.87,2.71
2022.0,1.0,Charlotte Pass,2109.0,71032,-0.69,-4.69,0.14
2022.0,2.0,Charlotte Pass,2110.0,71032,1.7,-3.39,3.89
2022.0,3.0,Charlotte Pass,2385.0,71032,1.51,-3.51,1.4
2022.0,4.0,Charlotte Pass,3705.0,71032,1.43,-4.57,0.37
2022.0,5.0,Charlotte Pass,4232.0,71032,-0.99,-5.37,0.31
2022.0,6.0,Charlotte Pass,3615.0,71032,-1.41,-6.66,1.2
2022.0,7.0,Charlotte Pass,3723.0,71032,1.1,-3.73,0.86
2022.0,8.0,Charlotte Pass,3536.0,71032,0.26,-5.11,0.83
2022.0,9.0,Charlotte Pass,3441.0,71032,0.1,-4.29,1.63
2022.0,10.0,Charlotte Pass,3634.0,71032,-0.07,-3.51,3.54
2022.0,11.0,Charlotte Pass,3603.0,71032,-0.53,-4.51,3.11
2022.0,12.0,Charlotte Pass,3644.0,71032,2.56,-3.4,0.6
2022.0,13.0,Charlotte Pass,2794.0,71032,3.44,-5.36,0.09
2022.0,14.0,Charlotte Pass,2038.0,71032,1.57,-3.27,5.06
2022.0,15.0,Charlotte Pass,1829.0,71032,2.03,-3.0,3.31
2023.0,1.0,Charlotte Pass,605.0,71032,0.86,-3.09,1.49
2023.0,2.0,Charlotte Pass,741.0,71032,-0.91,-4.19,0.77
2023.0,3.0,Charlotte Pass,1607.0,71032,-1.66,-4.57,3.74
2023.0,4.0,Charlotte Pass,3258.0,71032,0.73,-3.51,0.77
2023.0,5.0,Charlotte Pass,3688.0,71032,0.67,-3.01,1.71
2023.0,6.0,Charlotte Pass,3573.0,71032,3.21,-3.36,0.23
2023.0,7.0,Charlotte Pass,3165.0,71032,3.01,-4.11,0.17
2023.0,8.0,Charlotte Pass,3090.0,71032,3.56,-1.07,1.7
2023.0,9.0,Charlotte Pass,2884.0,71032,4.17,-2.11,0.21
2023.0,10.0,Charlotte Pass,2901.0,71032,1.03,-4.57,1.06
2023.0,11.0,Charlotte Pass,2949.0,71032,3.7,-2.2,3.4
2023.0,12.0,Charlotte Pass,2480.0,71032,4.5,-0.2,1.4
2023.0,13.0,Charlotte Pass,1650.0,71032,5.9,-4.0,0.2
2024.0,1.0,Charlotte Pass,392.0,71032,1.76,-3.27,1.0
2024.0,2.0,Charlotte Pass,505.0,71032,-0.7,-6.07,0.17
2024.0,3.0,Charlotte Pass,677.0,71032,0.37,-3.56,1.94
2024.0,4.0,Charlotte Pass,1460.0,71032,-0.71,-6.51,0.06
2024.0,5.0,Charlotte Pass,3268.0,71032,2.23,-2.47,1.23
2024.0,6.0,Charlotte Pass,3602.0,71032,-1.63,-5.29,2.34
2024.0,7.0,Charlotte Pass,3271.0,71032,0.67,-4.16,0.77
2024.0,8.0,Charlotte Pass,3164.0,71032,-0.06,-7.54,0.66
2024.0,9.0,Charlotte Pass,3457.0,71032,2.34,-4.37,0.0
2024.0,10.0,Charlotte Pass,3084.0,71032,4.33,-0.84,0.6
2024.0,11.0,Charlotte Pass,2667.0,71032,3.5,-0.7,2.26
2024.0,12.0,Charlotte Pass,2392.0,71032,2.5,-1.17,2.23
2024.0,13.0,Charlotte Pass,1323.0,71032,4.61,-0.7,1.03
2024.0,14.0,Charlotte Pass,454.0,71032,5.86,-1.24,1.63
2024.0,15.0,Charlotte Pass,294.0,71032,0.87,-4.26,2.29
